review_item_id,review_priority,review_focus,local_image_path,scientific_name,common_name_en,evidence_type,policy_status,recommended_uses,borderline_uses,blocked_uses,visible_field_marks,limitations,reviewer_overall_judgment,reviewer_notes,reviewer_name,reviewed_at,reviewer_overall_judgment_normalized,reviewer_notes_cleaned,human_issue_category,calibration_priority,calibration_action_hint
pmp-policy-review-0138,high,schema_or_profile_failure,/Users/ryelandt/Documents/database/data/raw/inaturalist/palier1-be-birds-50taxa-run003-pmp-policy-broader-400-20260504/images/14306882.jpg,Podiceps cristatus,Great Crested Grebe,,profile_failed,,,,,,TOO__strict,bonne image a a travers des jumelles; compliqué/mpas meilleure qualité mais clairement ok,,,too_strict,bonne image a a travers des jumelles; compliqué/mpas meilleure qualité mais clairement ok,schema_false_negative,high,investigate profile_failed root cause; potential schema fix
pmp-policy-review-0283,high,schema_or_profile_failure,/Users/ryelandt/Documents/database/data/raw/inaturalist/palier1-be-birds-50taxa-run003-pmp-policy-broader-400-20260504/images/264553506.jpeg,Podiceps cristatus,Great Crested Grebe,,profile_failed,,,,,,too_Strict,bonne image de l'espèce dans son nid en boule donc rare de la voir comme ca et plus compliqué pour identifier mais image a garder. espèce dans son nid,,,too_strict,bonne image de l'espèce dans son nid en boule donc rare de la voir comme ca et plus compliqué pour identifier mais image a garder. espèce dans son nid,schema_false_negative,high,investigate profile_failed root cause; potential schema fix
pmp-policy-review-0284,high,schema_or_profile_failure,/Users/ryelandt/Documents/database/data/raw/inaturalist/palier1-be-birds-50taxa-run003-pmp-policy-broader-400-20260504/images/264553526.jpeg,Larus argentatus,European Herring Gull,,profile_failed,,,,,,too_strict,image moyenne mais clairement utilisable,,,too_strict,image moyenne mais clairement utilisable,schema_false_negative,high,investigate profile_failed root cause; potential schema fix
pmp-policy-review-0213,high,schema_or_profile_failure,/Users/ryelandt/Documents/database/data/raw/inaturalist/palier1-be-birds-50taxa-run003-pmp-policy-broader-400-20260504/images/197128124.jpg,Coccothraustes coccothraustes,Hawfinch,,profile_failed,,,,,,,très bonne image a voir pourquoi elle ne passe pas,,,blank,très bonne image a voir pourquoi elle ne passe pas,schema_false_negative,high,investigate profile_failed root cause; potential schema fix
pmp-policy-review-0335,high,pre_ai_rejected,/Users/ryelandt/Documents/database/data/raw/inaturalist/palier1-be-birds-50taxa-run003-pmp-policy-broader-400-20260504/images/30487921.jpg,Phoenicurus ochruros,Black Redstart,,pre_ai_rejected,,,,,,,probablement une image pas assez large pour passer la pipeline. mais elle est globalement ok. peut etre quand meme plus simple de ne pas l'accepter pour éviter les mises en pages futures bizzares,,,blank,probablement une image pas assez large pour passer la pipeline. mais elle est globalement ok. peut etre quand meme plus simple de ne pas l'accepter pour éviter les mises en pages futures bizzares,pre_ai_borderline,medium,consider slight relaxation of image size/resolution threshold
pmp-policy-review-0157,high,complex_evidence,/Users/ryelandt/Documents/database/data/raw/inaturalist/palier1-be-birds-50taxa-run003-pmp-policy-broader-400-20260504/images/155810806.jpeg,Falco peregrinus,Peregrine Falcon,multiple_organisms,profile_valid,field_observation,basic_identification|confusion_learning|morphology_learning|indirect_evidence_learning,species_card,head:malar stripe | beak:hooked raptor beak | head:dark cap,,too_strict,"très bonne photo avec deux individus, un seul usage recommandé alors que bonne photo et pertinente. probablement car il y a deux individus de la meme espèce sur la photo",,,too_strict,"très bonne photo avec deux individus, un seul usage recommandé alors que bonne photo et pertinente. probablement car il y a deux individus de la meme espèce sur la photo",same_species_multiple_individuals_ok,medium,formalize same-species multi-individual policy rule
pmp-policy-review-0148,high,complex_evidence,/Users/ryelandt/Documents/database/data/raw/inaturalist/palier1-be-birds-50taxa-run003-pmp-policy-broader-400-20260504/images/150308702.jpeg,Cygnus olor,Mute Swan,multiple_organisms,profile_valid,field_observation|morphology_learning,basic_identification|confusion_learning|indirect_evidence_learning,species_card,whole_body:large white body | beak:orange bill with black knob,,accept,"trop de bordel dans la photo pour qu'elle soit bonne. multi espèces, mauvaise qualité, lumière bizzare",,,accept,"trop de bordel dans la photo pour qu'elle soit bonne. multi espèces, mauvaise qualité, lumière bizzare",multiple_species_target_unclear,high,add target_taxon_visibility field to PMP or policy
pmp-policy-review-0044,high,complex_evidence,/Users/ryelandt/Documents/database/data/raw/inaturalist/palier1-be-birds-50taxa-run003-pmp-policy-broader-400-20260504/images/112697174.jpeg,Anser anser,Greylag Goose,multiple_organisms,profile_valid,field_observation,basic_identification|confusion_learning|morphology_learning|indirect_evidence_learning,species_card,whole_body:orange bill and pinkish-grey body | whole_body:black and white plumage patterns,Foreground obstruction due to wire,accept,"plusieurs espèces différentes présentes, qualité bof, on est pas surs de quel individu on parle",,,accept,"plusieurs espèces différentes présentes, qualité bof, on est pas surs de quel individu on parle",multiple_species_target_unclear,high,add target_taxon_visibility field to PMP or policy
pmp-policy-review-0209,high,indirect_evidence,/Users/ryelandt/Documents/database/data/raw/inaturalist/palier1-be-birds-50taxa-run003-pmp-policy-broader-400-20260504/images/194623316.jpg,Turdus philomelos,Song Thrush,dead_organism,profile_valid,field_observation|morphology_learning|indirect_evidence_learning,confusion_learning,basic_identification|species_card,breast:spotted breast pattern | back:brown plumage with streaking,specimen is deceased,accept,globalement bonne photo qui permet de bien reconnaitre l'espèce avec beaucoup d'utilités possible mais bien la classer comme cadavre,,,accept,globalement bonne photo qui permet de bien reconnaitre l'espèce avec beaucoup d'utilités possible mais bien la classer comme cadavre,policy_accept,medium,no action
pmp-policy-review-0229,high,indirect_evidence,/Users/ryelandt/Documents/database/data/raw/inaturalist/palier1-be-birds-50taxa-run003-pmp-policy-broader-400-20260504/images/227858760.jpeg,Hirundo rustica rustica,White-bellied Barn Swallow,dead_organism,profile_valid,field_observation|morphology_learning|indirect_evidence_learning,,basic_identification|confusion_learning|species_card,legs:banding on leg | whole_body:downy plumage,Subject is deceased; visible features are immature. | subject is a young nestling; identification is challenging,accept,ok mais avec un score de difficulté très élevé,,,accept,ok mais avec un score de difficulté très élevé,policy_accept,medium,no action
pmp-policy-review-0208,low,general_policy_check,/Users/ryelandt/Documents/database/data/raw/inaturalist/palier1-be-birds-50taxa-run003-pmp-policy-broader-400-20260504/images/192799652.jpg,Cygnus olor,Mute Swan,whole_organism,profile_valid,basic_identification|field_observation|confusion_learning|morphology_learning|species_card,,,beak:orange bill with black base and knob | neck:long neck,,accept,parfait,,,accept,parfait,policy_accept,low,no action
pmp-policy-review-0280,low,general_policy_check,/Users/ryelandt/Documents/database/data/raw/inaturalist/palier1-be-birds-50taxa-run003-pmp-policy-broader-400-20260504/images/26274394.jpeg,Fulica atra,Eurasian Coot,whole_organism,profile_valid,basic_identification|field_observation|confusion_learning|morphology_learning|species_card,,,head:white frontal shield | beak:white beak,,accept,nickel,,,accept,nickel,policy_accept,low,no action
pmp-policy-review-0015,low,general_policy_check,/Users/ryelandt/Documents/database/data/raw/inaturalist/palier1-be-birds-50taxa-run003-pmp-policy-broader-400-20260504/images/108344756.jpg,Cygnus olor,Mute Swan,whole_organism,profile_valid,basic_identification|field_observation|confusion_learning|morphology_learning|species_card,,,beak:orange bill with black base | back:white plumage,,accept,,,,accept,,policy_accept,low,no action
pmp-policy-review-0345,low,general_policy_check,/Users/ryelandt/Documents/database/data/raw/inaturalist/palier1-be-birds-50taxa-run003-pmp-policy-broader-400-20260504/images/32181678.jpg,Phalacrocorax carbo,Great Cormorant,whole_organism,profile_valid,basic_identification|field_observation|confusion_learning|morphology_learning|species_card,,,breast:pale underparts | beak:hooked bill shape,,accept,,,,accept,,policy_accept,low,no action
pmp-policy-review-0149,low,general_policy_check,/Users/ryelandt/Documents/database/data/raw/inaturalist/palier1-be-birds-50taxa-run003-pmp-policy-broader-400-20260504/images/150309125.jpeg,Anas platyrhynchos,Mallard,whole_organism,profile_valid,basic_identification|field_observation|confusion_learning|morphology_learning|species_card,,,whole_body:downy juvenile plumage | whole_body:duckling body shape,juvenile plumage is less distinctive than adult plumage,accept,,,,accept,,policy_accept,low,no action
pmp-policy-review-0326,medium,field_observation_vs_identification,/Users/ryelandt/Documents/database/data/raw/inaturalist/palier1-be-birds-50taxa-run003-pmp-policy-broader-400-20260504/images/29903211.jpeg,Larus argentatus,European Herring Gull,whole_organism,profile_valid,field_observation|species_card,basic_identification|confusion_learning|morphology_learning,,whole_body:mottled plumage,subject is distant | limited resolution for fine detail | distant view | subject too small for definitive diagnostic feature assessment,accept,"individu dans son contexte, photo mauvaise qualité",,,accept,"individu dans son contexte, photo mauvaise qualité",policy_accept,low,no action
pmp-policy-review-0332,low,general_policy_check,/Users/ryelandt/Documents/database/data/raw/inaturalist/palier1-be-birds-50taxa-run003-pmp-policy-broader-400-20260504/images/30207516.jpeg,Fulica atra,Eurasian Coot,whole_organism,profile_valid,,basic_identification|field_observation|confusion_learning|morphology_learning,species_card,head:white frontal shield and bill against dark body,Subject is heavily obscured by branches | The image quality limits fine feature identification | Heavy obstruction by thorny vegetation | long distance | low image resolution,accept,"photo SUPER compliquée, espèce quasiment 100% masquée, qualité photo nulle. seulement pour des experts. peu d'intêret",,,accept,"photo SUPER compliquée, espèce quasiment 100% masquée, qualité photo nulle. seulement pour des experts. peu d'intêret",policy_accept,low,no action
pmp-policy-review-0008,medium,field_observation_vs_identification,/Users/ryelandt/Documents/database/data/raw/inaturalist/palier1-be-birds-50taxa-run003-pmp-policy-broader-400-20260504/images/103442341.jpeg,Ardea cinerea,Grey Heron,whole_organism,profile_valid,field_observation,basic_identification|confusion_learning|morphology_learning|species_card,,neck:long neck and posture,Subject is quite small in the frame and distant | subject is distant | subject is partially obscured by vegetation,accept,avec quelques remarques sur le fait qu'on pourrait l'utiliser dans d'autres contextes que uniquement field_observation,,,accept,avec quelques remarques sur le fait qu'on pourrait l'utiliser dans d'autres contextes que uniquement field_observation,policy_accept,low,no action
pmp-policy-review-0123,high,complex_evidence,/Users/ryelandt/Documents/database/data/raw/inaturalist/palier1-be-birds-50taxa-run003-pmp-policy-broader-400-20260504/images/134613679.jpeg,Anas platyrhynchos,Mallard,multiple_organisms,profile_valid,field_observation|morphology_learning,basic_identification|confusion_learning|indirect_evidence_learning,species_card,head:green head | beak:yellow bill,,accept,,,,accept,,same_species_multiple_individuals_ok,medium,formalize same-species multi-individual policy rule
pmp-policy-review-0299,low,general_policy_check,/Users/ryelandt/Documents/database/data/raw/inaturalist/palier1-be-birds-50taxa-run003-pmp-policy-broader-400-20260504/images/276197985.jpg,Motacilla alba,White Wagtail,whole_organism,profile_valid,confusion_learning,basic_identification|field_observation|morphology_learning|species_card,,whole_body:black and white plumage pattern,low resolution | distant subject | image resolution is low | bird is distant,accept,,,,accept,,policy_accept,low,no action
pmp-policy-review-0176,high,complex_evidence,/Users/ryelandt/Documents/database/data/raw/inaturalist/palier1-be-birds-50taxa-run003-pmp-policy-broader-400-20260504/images/168655956.jpeg,Cygnus olor,Mute Swan,multiple_organisms,profile_valid,field_observation,confusion_learning|morphology_learning|indirect_evidence_learning,basic_identification|species_card,neck:long white necks | beak:orange bills,"multiple avian species in frame complicate subject identification focus | multiple species present in scene, focus on Cygnus olor",accept,plusieurs espèces sur la meme photo mais ok de définir celle qu'on doit identifier,,,accept,plusieurs espèces sur la meme photo mais ok de définir celle qu'on doit identifier,multiple_species_target_unclear,high,add target_taxon_visibility field to PMP or policy
pmp-policy-review-0219,high,indirect_evidence,/Users/ryelandt/Documents/database/data/raw/inaturalist/palier1-be-birds-50taxa-run003-pmp-policy-broader-400-20260504/images/204513050.jpg,Hirundo rustica,Barn Swallow,nest,profile_valid,field_observation|indirect_evidence_learning,,basic_identification|confusion_learning|morphology_learning|species_card,nest:mud and straw construction typical of swallows,nest only; no live organism visible | indirect evidence: nest identification assumes typical Hirundo rustica structure,accept,,,,accept,,policy_accept,medium,no action
pmp-policy-review-0188,medium,field_observation_vs_identification,/Users/ryelandt/Documents/database/data/raw/inaturalist/palier1-be-birds-50taxa-run003-pmp-policy-broader-400-20260504/images/178993834.jpeg,Phalacrocorax carbo,Great Cormorant,whole_organism,profile_valid,field_observation,confusion_learning|morphology_learning|species_card,basic_identification,whole_body:silhouette and posture,"distant, silhouette-only identification | subject is a distant silhouette",too_strict,un peu trop strict a mon gout,,,too_strict,un peu trop strict a mon gout,field_observation_too_permissive,medium,review field_observation score thresholds
pmp-policy-review-0106,medium,field_observation_vs_identification,/Users/ryelandt/Documents/database/data/raw/inaturalist/palier1-be-birds-50taxa-run003-pmp-policy-broader-400-20260504/images/129884140.jpeg,Sturnus vulgaris,European Starling,whole_organism,profile_valid,field_observation,confusion_learning|morphology_learning|species_card,basic_identification,whole_body:silhouette and posture,Distant subject provides poor detail for positive identification | subject is distant | subject shown as silhouette only,accept,,,,accept,,policy_accept,low,no action
pmp-policy-review-0097,high,complex_evidence,/Users/ryelandt/Documents/database/data/raw/inaturalist/palier1-be-birds-50taxa-run003-pmp-policy-broader-400-20260504/images/12710696.jpg,Cyanistes caeruleus,Eurasian Blue Tit,multiple_organisms,profile_valid,field_observation|morphology_learning,basic_identification|confusion_learning|indirect_evidence_learning,species_card,whole_body:long tail and black-white pattern,,unclear,on doit préciser le comportement lorsqu'il y a plusieurs individus d'espèces DIFFérentes sur la photo,,,unclear,on doit préciser le comportement lorsqu'il y a plusieurs individus d'espèces DIFFérentes sur la photo,multiple_species_target_unclear,high,add target_taxon_visibility field to PMP or policy
pmp-policy-review-0398,low,general_policy_check,/Users/ryelandt/Documents/database/data/raw/inaturalist/palier1-be-birds-50taxa-run003-pmp-policy-broader-400-20260504/images/402891504.png,Strix aluco,Tawny Owl,whole_organism,profile_valid,basic_identification|field_observation|confusion_learning|morphology_learning|species_card,,,back:mottled brown plumage | head:round head shape,,too_permisive,"screenshot d'un écran d'identification par le son avec le nom de l'espèce en clair, on ne doit pas accepter cela",,,too_permissive,"screenshot d'un écran d'identification par le son avec le nom de l'espèce en clair, on ne doit pas accepter cela",text_overlay_or_answer_visible,high,add detection rule or rejection criterion for text overlay
pmp-policy-review-0394,low,general_policy_check,/Users/ryelandt/Documents/database/data/raw/inaturalist/palier1-be-birds-50taxa-run003-pmp-policy-broader-400-20260504/images/396591721.jpg,Egretta garzetta,Little Egret,whole_organism,profile_valid,basic_identification|field_observation|confusion_learning|species_card,morphology_learning,,whole_body:all white plumage | beak:slender dark bill,distant view limits detail on legs and bill | subject is distant,accept,,,,accept,,policy_accept,low,no action
pmp-policy-review-0235,low,general_policy_check,/Users/ryelandt/Documents/database/data/raw/inaturalist/palier1-be-birds-50taxa-run003-pmp-policy-broader-400-20260504/images/235724727.jpeg,Motacilla alba,White Wagtail,whole_organism,profile_valid,basic_identification|field_observation|confusion_learning|morphology_learning|species_card,,,breast:distinctive black bib | head:black and white facial pattern | back:grey back,,accept,,,,accept,,policy_accept,low,no action
pmp-policy-review-0194,low,general_policy_check,/Users/ryelandt/Documents/database/data/raw/inaturalist/palier1-be-birds-50taxa-run003-pmp-policy-broader-400-20260504/images/181534756.jpeg,Ardea cinerea,Grey Heron,whole_organism,profile_valid,basic_identification|field_observation|confusion_learning|morphology_learning|species_card,,,whole_body:grey plumage | beak:long sharp bill | neck:long slender neck,,accept,,,,accept,,policy_accept,low,no action
pmp-policy-review-0376,high,complex_evidence,/Users/ryelandt/Documents/database/data/raw/inaturalist/palier1-be-birds-50taxa-run003-pmp-policy-broader-400-20260504/images/368841977.jpg,Riparia riparia,Bank Swallow,multiple_organisms,profile_valid,field_observation|morphology_learning,basic_identification|confusion_learning|indirect_evidence_learning,species_card,back:dark upperparts | belly:white underparts,,accept,,,,accept,,same_species_multiple_individuals_ok,medium,formalize same-species multi-individual policy rule
pmp-policy-review-0029,low,general_policy_check,/Users/ryelandt/Documents/database/data/raw/inaturalist/palier1-be-birds-50taxa-run003-pmp-policy-broader-400-20260504/images/109294501.jpeg,Turdus merula,Eurasian Blackbird,whole_organism,profile_valid,,field_observation|confusion_learning|morphology_learning,basic_identification|species_card,whole_body:silhouette,subject is a dark silhouette obscured by complex vegetation | subject heavily occluded by branches and low lighting,accept,,,,accept,,policy_accept,low,no action
pmp-policy-review-0251,low,general_policy_check,/Users/ryelandt/Documents/database/data/raw/inaturalist/palier1-be-birds-50taxa-run003-pmp-policy-broader-400-20260504/images/250224759.jpg,Fringilla coelebs,Common Chaffinch,whole_organism,profile_valid,,field_observation|confusion_learning|morphology_learning,basic_identification|species_card,wing:white wing bar,"Subject is distant and lacks sufficient detail for definitive species-level identification | Subject is small, distant, and poorly focused | Key diagnostic features (head markings) are obscured",accept,,,,accept,,policy_accept,low,no action
pmp-policy-review-0242,high,complex_evidence,/Users/ryelandt/Documents/database/data/raw/inaturalist/palier1-be-birds-50taxa-run003-pmp-policy-broader-400-20260504/images/237495251.jpg,Sturnus vulgaris,European Starling,multiple_organisms,profile_valid,field_observation,confusion_learning|morphology_learning|indirect_evidence_learning,basic_identification|species_card,whole_body:silhouette outline,"backlit subject reduces identification to silhouette characteristics | subjects are backlit, resulting in silhouettes",accept,,,,accept,,same_species_multiple_individuals_ok,medium,formalize same-species multi-individual policy rule
pmp-policy-review-0052,low,general_policy_check,/Users/ryelandt/Documents/database/data/raw/inaturalist/palier1-be-birds-50taxa-run003-pmp-policy-broader-400-20260504/images/113198384.jpg,Passer domesticus,House Sparrow,whole_organism,profile_valid,basic_identification|field_observation|confusion_learning|morphology_learning|species_card,,,beak:yellow gape | back:fledgling plumage texture,,accept,,,,accept,,policy_accept,low,no action
pmp-policy-review-0302,low,general_policy_check,/Users/ryelandt/Documents/database/data/raw/inaturalist/palier1-be-birds-50taxa-run003-pmp-policy-broader-400-20260504/images/27766970.jpg,Picus viridis,Eurasian Green Woodpecker,whole_organism,profile_valid,basic_identification|field_observation|confusion_learning|morphology_learning|species_card,,,head:red crown | back:green upperparts | back:yellow rump,,accept,,,,accept,,policy_accept,low,no action
pmp-policy-review-0378,low,general_policy_check,/Users/ryelandt/Documents/database/data/raw/inaturalist/palier1-be-birds-50taxa-run003-pmp-policy-broader-400-20260504/images/371543431.jpg,Cyanistes caeruleus,Eurasian Blue Tit,whole_organism,profile_valid,basic_identification|field_observation|confusion_learning|morphology_learning|species_card,,,head:blue crown | breast:yellow breast,,accept,,,,accept,,policy_accept,low,no action
pmp-policy-review-0099,low,general_policy_check,/Users/ryelandt/Documents/database/data/raw/inaturalist/palier1-be-birds-50taxa-run003-pmp-policy-broader-400-20260504/images/127180953.jpg,Larus michahellis,Yellow-legged Gull,whole_organism,profile_valid,basic_identification|field_observation|confusion_learning|morphology_learning|species_card,,,whole_body:immature brownish plumage | wing:patterned wing coverts,Juvenile gulls of the Larus michahellis complex can be difficult to distinguish from similar species without specific geographical context,accept,,,,accept,,policy_accept,low,no action
pmp-policy-review-0207,high,indirect_evidence,/Users/ryelandt/Documents/database/data/raw/inaturalist/palier1-be-birds-50taxa-run003-pmp-policy-broader-400-20260504/images/191535445.jpeg,Columba palumbus,Common Wood-Pigeon,feather,profile_valid,field_observation|morphology_learning|indirect_evidence_learning,,basic_identification|confusion_learning|species_card,feather:feather structure and coloration,Subject is indirect evidence (feather). | Full identification is limited by lack of context and size reference. | feather identification requires specific comparison to known specimen reference collections,accept,,,,accept,,policy_accept,medium,no action
pmp-policy-review-0153,high,indirect_evidence,/Users/ryelandt/Documents/database/data/raw/inaturalist/palier1-be-birds-50taxa-run003-pmp-policy-broader-400-20260504/images/152039289.jpg,Passer domesticus,House Sparrow,dead_organism,profile_valid,field_observation|indirect_evidence_learning,confusion_learning|morphology_learning,basic_identification|species_card,whole_body:overall skeletal structure | beak:beak shape,specimen is a skeleton/carcass | identification is challenging due to decomposition | specimen is in a decomposed state,accept,,,,accept,,policy_accept,medium,no action
pmp-policy-review-0351,high,indirect_evidence,/Users/ryelandt/Documents/database/data/raw/inaturalist/palier1-be-birds-50taxa-run003-pmp-policy-broader-400-20260504/images/34441531.jpeg,Hirundo rustica,Barn Swallow,nest,profile_valid,field_observation|indirect_evidence_learning,,basic_identification|confusion_learning|morphology_learning|species_card,nest:mud cup nest construction,only nest is visible; bird is absent | indirect evidence,accept,,,,accept,,policy_accept,medium,no action
pmp-policy-review-0395,high,indirect_evidence,/Users/ryelandt/Documents/database/data/raw/inaturalist/palier1-be-birds-50taxa-run003-pmp-policy-broader-400-20260504/images/398949252.jpeg,Sylvia atricapilla,Eurasian Blackcap,dead_organism,profile_valid,field_observation|morphology_learning|indirect_evidence_learning,confusion_learning,basic_identification|species_card,head:distinctive brown crown | back:plain brownish-grey back,subject is a deceased bird,accept,,,,accept,,policy_accept,medium,no action
pmp-policy-review-0220,high,indirect_evidence,/Users/ryelandt/Documents/database/data/raw/inaturalist/palier1-be-birds-50taxa-run003-pmp-policy-broader-400-20260504/images/205550561.jpg,Turdus philomelos,Song Thrush,dead_organism,profile_valid,field_observation|morphology_learning|indirect_evidence_learning,confusion_learning,basic_identification|species_card,breast:spotted breast pattern | belly:spotted flank/belly,Subject is deceased.,accept,,,,accept,,policy_accept,medium,no action
pmp-policy-review-0164,high,indirect_evidence,/Users/ryelandt/Documents/database/data/raw/inaturalist/palier1-be-birds-50taxa-run003-pmp-policy-broader-400-20260504/images/158837433.jpeg,Columba palumbus,Common Wood-Pigeon,feather,profile_valid,field_observation|indirect_evidence_learning,morphology_learning,basic_identification|confusion_learning|species_card,feather:grey coloration,indirect evidence | feather only | feather only; specific identification is difficult without more context,accept,,,,accept,,policy_accept,medium,no action
pmp-policy-review-0252,high,indirect_evidence,/Users/ryelandt/Documents/database/data/raw/inaturalist/palier1-be-birds-50taxa-run003-pmp-policy-broader-400-20260504/images/252411697.jpg,Dryocopus martius,Black Woodpecker,habitat,profile_valid,field_observation|indirect_evidence_learning,,basic_identification|confusion_learning|morphology_learning|species_card,habitat:woodpecker foraging damage,"indirect evidence; identification based on foraging sign | indirect evidence only, typical of large woodpecker activity",accept,,,,accept,,policy_accept,medium,no action
pmp-policy-review-0195,high,complex_evidence,/Users/ryelandt/Documents/database/data/raw/inaturalist/palier1-be-birds-50taxa-run003-pmp-policy-broader-400-20260504/images/18272669.jpg,Larus michahellis,Yellow-legged Gull,multiple_organisms,profile_valid,field_observation|morphology_learning,basic_identification|confusion_learning|indirect_evidence_learning,species_card,wing:juvenile wing coverts | beak:bill shape,intense interaction makes precise feather count difficult,accept,bon exemple de plusieurs individus mais pas un problème car meme espèce. c'est meme plutot riche,,,accept,bon exemple de plusieurs individus mais pas un problème car meme espèce. c'est meme plutot riche,same_species_multiple_individuals_ok,medium,formalize same-species multi-individual policy rule
pmp-policy-review-0021,high,indirect_evidence,/Users/ryelandt/Documents/database/data/raw/inaturalist/palier1-be-birds-50taxa-run003-pmp-policy-broader-400-20260504/images/108990786.jpeg,Parus major,Great Tit,nest,profile_valid,indirect_evidence_learning,field_observation,basic_identification|confusion_learning|morphology_learning|species_card,nest:nest structure,indirect evidence; nest is partially obscured by twigs and leaves | identification is speculative without bird presence | indirect evidence only; nest identity cannot be confirmed from this view,accept,,,,accept,,policy_accept,medium,no action
pmp-policy-review-0126,high,complex_evidence,/Users/ryelandt/Documents/database/data/raw/inaturalist/palier1-be-birds-50taxa-run003-pmp-policy-broader-400-20260504/images/13785358.jpeg,Turdus philomelos,Song Thrush,partial_organism,profile_valid,field_observation,confusion_learning|morphology_learning|indirect_evidence_learning,basic_identification|species_card,unknown:snail shells smashed by thrush anvil,"Indirect evidence only; identifies the foraging behavior of Turdus philomelos. | Evidence is a Song Thrush anvil/feeding site, not the bird itself.",accept,,,,accept,,policy_accept,medium,no action
pmp-policy-review-0253,low,general_policy_check,/Users/ryelandt/Documents/database/data/raw/inaturalist/palier1-be-birds-50taxa-run003-pmp-policy-broader-400-20260504/images/254172262.jpeg,Falco peregrinus,Peregrine Falcon,unknown,profile_valid,,,basic_identification|field_observation|confusion_learning|morphology_learning|species_card|indirect_evidence_learning,,"The image contains no biological subject. It shows a metal sculpture/logo of a lion on a building facade. | The image depicts an architectural feature/logo on a building, not an organism.",unclear,very distant shot of a peregrine falcon. extremly hard but challenging ans possible,,,unclear,very distant shot of a peregrine falcon. extremly hard but challenging ans possible,rare_model_subject_miss,medium,note for second review; low priority new category
pmp-policy-review-0340,medium,field_observation_vs_identification,/Users/ryelandt/Documents/database/data/raw/inaturalist/palier1-be-birds-50taxa-run003-pmp-policy-broader-400-20260504/images/31534282.jpg,Coloeus monedula,Eurasian Jackdaw,whole_organism,profile_valid,field_observation|species_card,basic_identification|confusion_learning|morphology_learning,,whole_body:overall dark coloration and shape,Subject is small in frame | Subject is somewhat distant | small size in frame | lack of detail for definitive ID,accept,quand meme bizzare de dire oui a species card,,,accept,quand meme bizzare de dire oui a species card,species_card_too_permissive,medium,tighten species_card threshold or add conditions
pmp-policy-review-0181,low,general_policy_check,/Users/ryelandt/Documents/database/data/raw/inaturalist/palier1-be-birds-50taxa-run003-pmp-policy-broader-400-20260504/images/174094536.jpeg,Pica pica,Eurasian Magpie,whole_organism,profile_valid,basic_identification|field_observation|confusion_learning|morphology_learning|species_card,,,whole_body:black and white plumage | tail:long tail,,accept,,,,accept,,policy_accept,low,no action
pmp-policy-review-0092,low,general_policy_check,/Users/ryelandt/Documents/database/data/raw/inaturalist/palier1-be-birds-50taxa-run003-pmp-policy-broader-400-20260504/images/12496624.jpg,Columba palumbus,Common Wood-Pigeon,whole_organism,profile_valid,basic_identification|field_observation|confusion_learning|morphology_learning|species_card,,,neck:white neck patch | back:greyish-blue back,viewed from behind | rear angle limits visibility of breast and facial details,accept,,,,accept,,policy_accept,low,no action
pmp-policy-review-0136,medium,field_observation_vs_identification,/Users/ryelandt/Documents/database/data/raw/inaturalist/palier1-be-birds-50taxa-run003-pmp-policy-broader-400-20260504/images/141142367.jpg,Dendrocopos major,Great Spotted Woodpecker,whole_organism,profile_valid,field_observation|confusion_learning,basic_identification|morphology_learning|species_card,,wing:black and white wing pattern | head:red patch on head,photographed through a screen | significant distance | distance to subject | image resolution | window obstruction,accept,,,,accept,,policy_accept,low,no action
pmp-policy-review-0006,low,general_policy_check,/Users/ryelandt/Documents/database/data/raw/inaturalist/palier1-be-birds-50taxa-run003-pmp-policy-broader-400-20260504/images/10333212.jpg,Accipiter nisus,Eurasian Sparrowhawk,whole_organism,profile_valid,basic_identification|field_observation|morphology_learning|species_card,confusion_learning,,whole_body:slender raptor build | back:accipiter shape,image resolution limits fine feather detail identification | distance and lighting conditions limit detail,accept,,,,accept,,policy_accept,low,no action
pmp-policy-review-0120,medium,field_observation_vs_identification,/Users/ryelandt/Documents/database/data/raw/inaturalist/palier1-be-birds-50taxa-run003-pmp-policy-broader-400-20260504/images/134612467.jpeg,Turdus philomelos,Song Thrush,whole_organism,profile_valid,field_observation|species_card,basic_identification|confusion_learning|morphology_learning,,breast:spotted breast pattern | whole_body:overall thrush shape,long distance to bird limits diagnostic visibility | subject is quite distant | low resolution prevents identification of fine plumage details,accept,,,,accept,,policy_accept,low,no action
pmp-policy-review-0224,high,indirect_evidence,/Users/ryelandt/Documents/database/data/raw/inaturalist/palier1-be-birds-50taxa-run003-pmp-policy-broader-400-20260504/images/217458596.jpg,Turdus philomelos,Song Thrush,dead_organism,profile_valid,field_observation|morphology_learning|indirect_evidence_learning,confusion_learning,basic_identification|species_card,breast:spotted breast pattern | back:brownish dorsal coloration | beak:beak shape,subject is deceased,accept,,,,accept,,policy_accept,medium,no action
pmp-policy-review-0156,low,general_policy_check,/Users/ryelandt/Documents/database/data/raw/inaturalist/palier1-be-birds-50taxa-run003-pmp-policy-broader-400-20260504/images/153104665.jpg,Athene noctua,Little Owl,whole_organism,profile_valid,basic_identification|field_observation|morphology_learning|species_card,confusion_learning,,whole_body:compact owl silhouette | back:spotted plumage pattern,Image is grainy due to low-light conditions. | low light conditions | night photography,accept,,,,accept,,policy_accept,low,no action
pmp-policy-review-0072,high,indirect_evidence,/Users/ryelandt/Documents/database/data/raw/inaturalist/palier1-be-birds-50taxa-run003-pmp-policy-broader-400-20260504/images/12159188.jpg,Sturnus vulgaris,European Starling,habitat,profile_valid,indirect_evidence_learning,,basic_identification|field_observation|confusion_learning|morphology_learning|species_card,habitat:bird feeder habitat,No organism present; image serves as environmental context only. | The media depicts a habitat/feeding station only; no bird is present.,accept,mais score horrible car globalement impossible de savoir de quelle espèce on parle,,,accept,mais score horrible car globalement impossible de savoir de quelle espèce on parle,habitat_too_permissive,medium,review habitat evidence thresholds; tighten scoring
pmp-policy-review-0386,low,general_policy_check,/Users/ryelandt/Documents/database/data/raw/inaturalist/palier1-be-birds-50taxa-run003-pmp-policy-broader-400-20260504/images/382696152.jpg,Apus apus,Common Swift,whole_organism,profile_valid,basic_identification|field_observation|confusion_learning|species_card,morphology_learning,,"wing:sickle-shaped wing profile | tail:short, forked tail","Subject is heavily silhouetted due to backlighting. | distant shot against bright sky, silhouetted",accept,,,,accept,,policy_accept,low,no action
pmp-policy-review-0070,low,general_policy_check,/Users/ryelandt/Documents/database/data/raw/inaturalist/palier1-be-birds-50taxa-run003-pmp-policy-broader-400-20260504/images/120221697.jpg,Hirundo rustica,Barn Swallow,whole_organism,profile_valid,,field_observation|confusion_learning|morphology_learning,basic_identification|species_card,tail:forked tail,Subject is too small and distant for high-confidence identification via image alone | Extremely distant subject | Low resolution,accept,,,,accept,,policy_accept,low,no action
pmp-policy-review-0017,low,general_policy_check,/Users/ryelandt/Documents/database/data/raw/inaturalist/palier1-be-birds-50taxa-run003-pmp-policy-broader-400-20260504/images/108788210.jpeg,Turdus philomelos,Song Thrush,whole_organism,profile_valid,basic_identification|field_observation|confusion_learning|species_card,morphology_learning,,breast:spotted breast | back:brown upperparts,subject is small and distant in frame | small subject size in frame,accept,,,,accept,,policy_accept,low,no action
