review_item_id,media_key,source_media_id,observation_id,image_url,local_image_path,scientific_name,common_name_fr,common_name_en,common_name_nl,canonical_taxon_id,source_taxon_id,metadata_join_status,organism_group,evidence_type,review_status,failure_reason,global_quality_score,basic_identification_score,field_observation_score,confusion_learning_score,morphology_learning_score,species_card_score,indirect_evidence_learning_score,policy_status,eligible_database_uses,borderline_database_uses,not_recommended_database_uses,basic_identification_policy,field_observation_policy,confusion_learning_policy,morphology_learning_policy,species_card_policy,indirect_evidence_learning_policy,policy_notes,visible_field_marks_summary,limitations_summary,technical_quality,subject_visibility,diagnostic_feature_visibility,biological_sex_value,biological_life_stage_value,biological_plumage_state_value,biological_seasonal_state_value,human_overall_judgment,human_basic_identification_judgment,human_field_observation_judgment,human_confusion_learning_judgment,human_morphology_learning_judgment,human_species_card_judgment,human_indirect_evidence_learning_judgment,human_evidence_type_judgment,human_field_marks_judgment,human_notes,reviewer_name,reviewed_at
pmp-policy-review-0103,inaturalist::128706889,128706889,78632034,https://inaturalist-open-data.s3.amazonaws.com/photos/128706889/original.jpg,/Users/ryelandt/Documents/database/data/raw/inaturalist/palier1-be-birds-50taxa-run003-v11-baseline-sprint6-controlled-120/images/128706889.jpg,Phoenicurus ochruros,,Black Redstart,,taxon:birds:000020,13000,joined_from_manifest,,,failed,schema_validation_failed,,,,,,,,profile_failed,,,,not_applicable,not_applicable,not_applicable,not_applicable,not_applicable,not_applicable,pmp_review_status_failed | outcome_status_pedagogical_media_profile_failed,,,,,,,,,,"perfect photo for the quizz, bord very clear, no obstacle. very high score photo its almost perfect",,,,,,,,,,,
pmp-policy-review-0078,inaturalist::12273607,12273607,9087583,https://inaturalist-open-data.s3.amazonaws.com/photos/12273607/original.jpg,/Users/ryelandt/Documents/database/data/raw/inaturalist/palier1-be-birds-50taxa-run003-v11-baseline-sprint6-controlled-120/images/12273607.jpg,Passer domesticus,,House Sparrow,,taxon:birds:000009,13858,joined_from_manifest,,,failed,schema_validation_failed,,,,,,,,profile_failed,,,,not_applicable,not_applicable,not_applicable,not_applicable,not_applicable,not_applicable,pmp_review_status_failed | outcome_status_pedagogical_media_profile_failed,,,,,,,,,,"difficile de voir l'espèce, peu de contraste, deux individus présents et quasiment de la meme couleur que la marre dans laquelle ils se trouvetn. utilisable mais compliqué",,,,,,,,,,,
pmp-policy-review-0064,inaturalist::11889145,11889145,8846932,https://inaturalist-open-data.s3.amazonaws.com/photos/11889145/original.jpg,/Users/ryelandt/Documents/database/data/raw/inaturalist/palier1-be-birds-50taxa-run003-v11-baseline-sprint6-controlled-120/images/11889145.jpg,Parus major,,Great Tit,,taxon:birds:000008,203153,joined_from_manifest,,,failed,schema_validation_failed,,,,,,,,profile_failed,,,,not_applicable,not_applicable,not_applicable,not_applicable,not_applicable,not_applicable,pmp_review_status_failed | outcome_status_pedagogical_media_profile_failed,,,,,,,,,,utilisable mais photo prise derrière une moustiquaire donc premier plan tout grillagé. mais possible de reconnaitre l'espèce assez de traits visibles,,,,,,,,,,,
pmp-policy-review-0104,inaturalist::128796357,128796357,78681003,https://inaturalist-open-data.s3.amazonaws.com/photos/128796357/original.jpg,/Users/ryelandt/Documents/database/data/raw/inaturalist/palier1-be-birds-50taxa-run003-v11-baseline-sprint6-controlled-120/images/128796357.jpg,Passer domesticus,,House Sparrow,,taxon:birds:000009,13858,joined_from_manifest,,,failed,schema_validation_failed,,,,,,,,profile_failed,,,,not_applicable,not_applicable,not_applicable,not_applicable,not_applicable,not_applicable,pmp_review_status_failed | outcome_status_pedagogical_media_profile_failed,,,,,,,,,,"photo parfaite pour identification, bonne qualité, plan propre, une photo qui mérite un très très bon score",,,,,,,,,,,
pmp-policy-review-0037,inaturalist::11114781,11114781,8361982,https://inaturalist-open-data.s3.amazonaws.com/photos/11114781/original.jpeg,/Users/ryelandt/Documents/database/data/raw/inaturalist/palier1-be-birds-50taxa-run003-v11-baseline-sprint6-controlled-120/images/11114781.jpeg,Ardea cinerea,,Grey Heron,,taxon:birds:000029,4954,joined_from_manifest,,,,,,,,,,,,pre_ai_rejected,,,,not_applicable,not_applicable,not_applicable,not_applicable,not_applicable,not_applicable,pre_ai_status:insufficient_resolution_pre_ai,,,,,,,,,,"photo de relativement mauvaise qualité mais individu clairement visible et pas trop loin, simplement mauvaise qualité technique et peu de détails mais reconnaissable",,,,,,,,,,,
pmp-policy-review-0011,inaturalist::106553706,106553706,66137869,https://inaturalist-open-data.s3.amazonaws.com/photos/106553706/original.jpg,/Users/ryelandt/Documents/database/data/raw/inaturalist/palier1-be-birds-50taxa-run003-v11-baseline-sprint6-controlled-120/images/106553706.jpg,Anser anser domesticus,,Domestic Greylag Goose,,taxon:birds:000022,120479,joined_from_manifest,bird,multiple_organisms,valid,,93,58,84,63,70,45,58,profile_valid,field_observation|morphology_learning,basic_identification|confusion_learning|indirect_evidence_learning,species_card,borderline,eligible,borderline,eligible,not_recommended,borderline,multiple_organisms_stricter_species_card | global_quality_is_broad_signal_not_selection,beak:orange bill and greyish brown plumage | head:black head and neck pattern on geese,presence of multiple distinct species,medium,high,high,unknown,adult,unknown,unknown,"très bonne photo avec 3 individus mais je ne suis pas sur qu'ils soient de la meme espèce. sinon bonne qualité dans leur environnement (marre) dans l'eau, critères distinctifs ok. j'aime bien",,,,,,,,,,,
pmp-policy-review-0117,inaturalist::133975096,133975096,81671907,https://inaturalist-open-data.s3.amazonaws.com/photos/133975096/original.jpg,/Users/ryelandt/Documents/database/data/raw/inaturalist/palier1-be-birds-50taxa-run003-v11-baseline-sprint6-controlled-120/images/133975096.jpg,Passer domesticus,,House Sparrow,,taxon:birds:000009,13858,joined_from_manifest,bird,dead_organism,valid,,99,60,80,45,75,48,78,profile_valid,field_observation|morphology_learning|indirect_evidence_learning,,basic_identification|confusion_learning|species_card,not_recommended,eligible,not_recommended,eligible,not_recommended,eligible,indirect_evidence_interpretation_applied | global_quality_is_broad_signal_not_selection,belly:ventral plumage and wing structure | beak:beak shape,subject is deceased | dead organism viewed from ventral aspect,high,high,medium,unknown,adult,unknown,unknown,"bonne analyse, rien a redire, ",,,,,,,,,,,
pmp-policy-review-0097,inaturalist::12710696,12710696,9362464,https://inaturalist-open-data.s3.amazonaws.com/photos/12710696/original.jpg,/Users/ryelandt/Documents/database/data/raw/inaturalist/palier1-be-birds-50taxa-run003-v11-baseline-sprint6-controlled-120/images/12710696.jpg,Cyanistes caeruleus,,Eurasian Blue Tit,,taxon:birds:000003,144849,joined_from_manifest,bird,multiple_organisms,valid,,100,60,90,63,72,50,62,profile_valid,field_observation|morphology_learning,basic_identification|confusion_learning|indirect_evidence_learning,species_card,borderline,eligible,borderline,eligible,not_recommended,borderline,multiple_organisms_stricter_species_card | global_quality_is_broad_signal_not_selection,whole_body:distinctive long tails and black and white pattern of Long-tailed Tits,,high,high,high,unknown,adult,unknown,unknown,"erreur ici, il y a des orites a longue queue et des mésanges bleues présentes sur la meme photo. l'ia reconnait les orites car il y en a plus mais l'observation est classée comme mésange bleue dans le corpus. analys photo ok mais réfléchir au problème",,,,,,,,,,,
pmp-policy-review-0072,inaturalist::12159188,12159188,9017019,https://inaturalist-open-data.s3.amazonaws.com/photos/12159188/original.jpg,/Users/ryelandt/Documents/database/data/raw/inaturalist/palier1-be-birds-50taxa-run003-v11-baseline-sprint6-controlled-120/images/12159188.jpg,Sturnus vulgaris,,European Starling,,taxon:birds:000011,14850,joined_from_manifest,bird,habitat,valid,,32,1,50,4,12,6,78,profile_valid,indirect_evidence_learning,field_observation,basic_identification|confusion_learning|morphology_learning|species_card,not_recommended,borderline,not_recommended,not_recommended,not_recommended,eligible,indirect_evidence_interpretation_applied | global_quality_is_broad_signal_not_selection,,"Subject absent from image. Only environmental context provided. | The media depicts a bird feeder and habitat, but no bird is visible.",medium,none,none,unknown,unknown,unknown,unknown,"mauvaise observation, simplement un jardin, impossible de savoir de quelle espèce on parle. vraiment pas bien a utiliser ",,,,,,,,,,,
pmp-policy-review-0043,inaturalist::111276293,111276293,68683974,https://inaturalist-open-data.s3.amazonaws.com/photos/111276293/original.jpeg,/Users/ryelandt/Documents/database/data/raw/inaturalist/palier1-be-birds-50taxa-run003-v11-baseline-sprint6-controlled-120/images/111276293.jpeg,Carduelis carduelis,,European Goldfinch,,taxon:birds:000016,9398,joined_from_manifest,bird,multiple_organisms,valid,,96,59,85,63,62,48,62,profile_valid,field_observation,basic_identification|confusion_learning|morphology_learning|indirect_evidence_learning,species_card,borderline,eligible,borderline,borderline,not_recommended,borderline,multiple_organisms_stricter_species_card | global_quality_is_broad_signal_not_selection,whole_body:red face and black/yellow wing bars,,high,medium,high,unknown,adult,non_breeding_plumage,wintering,"bonne image d'individus dans la neige en train de grignoter, plusieurs individus clairement identifiables sous différents points de vue. très bonne photo",,,,,,,,,,,
pmp-policy-review-0019,inaturalist::108990173,108990173,67457244,https://inaturalist-open-data.s3.amazonaws.com/photos/108990173/original.jpeg,/Users/ryelandt/Documents/database/data/raw/inaturalist/palier1-be-birds-50taxa-run003-v11-baseline-sprint6-controlled-120/images/108990173.jpeg,Erithacus rubecula,,European Robin,,taxon:birds:000004,13094,joined_from_manifest,bird,whole_organism,valid,,78,80,86,70,76,75,,profile_valid,basic_identification|field_observation|confusion_learning|morphology_learning|species_card,,,eligible,eligible,eligible,eligible,eligible,not_applicable,global_quality_is_broad_signal_not_selection,breast:orange-red breast and face,subject is distant and partially obscured by dense foreground branches | partially obscured by branches,medium,medium,medium,unknown,adult,unknown,unknown,"bonne comparaison avec la précédente, globalement meilleure qualité/netteté, quasiment aussi simple de deviner l'espèce, globalement meme cadrage mais branches qui passent devant et espèce pas parfaitement en focus. (comparaison avec https://inaturalist-open-data.s3.amazonaws.com/photos/109009770/original.jpeg)",,,,,,,,,,,
pmp-policy-review-0100,inaturalist::12799030,12799030,9419435,https://inaturalist-open-data.s3.amazonaws.com/photos/12799030/original.jpg,/Users/ryelandt/Documents/database/data/raw/inaturalist/palier1-be-birds-50taxa-run003-v11-baseline-sprint6-controlled-120/images/12799030.jpg,Larus michahellis,,Yellow-legged Gull,,taxon:birds:000026,59202,joined_from_manifest,bird,whole_organism,valid,,99,100,100,84,95,100,,profile_valid,basic_identification|field_observation|confusion_learning|morphology_learning|species_card,,,eligible,eligible,eligible,eligible,eligible,not_applicable,global_quality_is_broad_signal_not_selection,whole_body:adult gull plumage | beak:large bill,,high,high,high,unknown,adult,unknown,unknown,"très bonne photo pour le corpus, dans son contexte sur un batiment humain en train de crier, bien en focus, bonne qaulité, bon cadrage, critères distinctifs visibles",,,,,,,,,,,
pmp-policy-review-0060,inaturalist::115172194,115172194,70343128,https://inaturalist-open-data.s3.amazonaws.com/photos/115172194/original.jpeg,/Users/ryelandt/Documents/database/data/raw/inaturalist/palier1-be-birds-50taxa-run003-v11-baseline-sprint6-controlled-120/images/115172194.jpeg,Erithacus rubecula,,European Robin,,taxon:birds:000004,13094,joined_from_manifest,bird,whole_organism,valid,,99,99,100,83,97,99,,profile_valid,basic_identification|field_observation|confusion_learning|morphology_learning|species_card,,,eligible,eligible,eligible,eligible,eligible,not_applicable,global_quality_is_broad_signal_not_selection,breast:orange-red breast | back:brownish upperparts,,high,high,high,unknown,adult,unknown,unknown,"bonne photo, bon cadrage, contexte de ville présent (pavés/chemin/buissons), espèce au sol, qualite technique moyenne un peu flou. sinon espèce vraiment distinguable avec détails",,,,,,,,,,,
pmp-policy-review-0051,inaturalist::113197905,113197905,69723659,https://inaturalist-open-data.s3.amazonaws.com/photos/113197905/original.jpg,/Users/ryelandt/Documents/database/data/raw/inaturalist/palier1-be-birds-50taxa-run003-v11-baseline-sprint6-controlled-120/images/113197905.jpg,Anser anser domesticus,,Domestic Greylag Goose,,taxon:birds:000022,120479,joined_from_manifest,bird,whole_organism,valid,,100,100,92,84,100,100,,profile_valid,basic_identification|field_observation|confusion_learning|morphology_learning|species_card,,,eligible,eligible,eligible,eligible,eligible,not_applicable,global_quality_is_broad_signal_not_selection,beak:orange bill and feet | back:grey-brown plumage pattern,,high,high,high,unknown,adult,unknown,unknown,"très bonne photo confirmée, qualité top, visibilité top, critères distinctifs top",,,,,,,,,,,
pmp-policy-review-0093,inaturalist::125435356,125435356,76692884,https://inaturalist-open-data.s3.amazonaws.com/photos/125435356/original.jpg,/Users/ryelandt/Documents/database/data/raw/inaturalist/palier1-be-birds-50taxa-run003-v11-baseline-sprint6-controlled-120/images/125435356.jpg,Falco peregrinus,,Peregrine Falcon,,taxon:birds:000034,4647,joined_from_manifest,bird,whole_organism,valid,,100,100,100,85,100,100,,profile_valid,basic_identification|field_observation|confusion_learning|morphology_learning|species_card,,,eligible,eligible,eligible,eligible,eligible,not_applicable,global_quality_is_broad_signal_not_selection,head:malar stripe | breast:barred underparts,,high,high,high,unknown,adult,unknown,unknown,"super bonne photo ! espèce en contexte sur un batiment urbain, on voit clairement plein d'éléments distinctifs, bonne qualité, bon cadrage, nickel",,,,,,,,,,,
pmp-policy-review-0120,inaturalist::134612467,134612467,82041881,https://inaturalist-open-data.s3.amazonaws.com/photos/134612467/original.jpeg,/Users/ryelandt/Documents/database/data/raw/inaturalist/palier1-be-birds-50taxa-run003-v11-baseline-sprint6-controlled-120/images/134612467.jpeg,Turdus philomelos,,Song Thrush,,taxon:birds:000015,12748,joined_from_manifest,bird,whole_organism,valid,,75,66,82,62,63,70,,profile_valid,field_observation|species_card,basic_identification|confusion_learning|morphology_learning,,borderline,eligible,borderline,borderline,eligible,not_applicable,global_quality_is_broad_signal_not_selection,whole_body:silhouette and general body shape,"subject is distant, limiting view of key diagnostic plumage markings | subject is small and distant in the frame",medium,medium,low,unknown,adult,unknown,unknown,bonne analyse mais quand meme espèce assez proches pour pouvoir certains détails et qualité vachement ok,,,,,,,,,,,
pmp-policy-review-0048,inaturalist::112996384,112996384,69616256,https://inaturalist-open-data.s3.amazonaws.com/photos/112996384/original.jpeg,/Users/ryelandt/Documents/database/data/raw/inaturalist/palier1-be-birds-50taxa-run003-v11-baseline-sprint6-controlled-120/images/112996384.jpeg,Chloris chloris,,European Greenfinch,,taxon:birds:000017,145360,joined_from_manifest,bird,whole_organism,valid,,75,66,82,63,71,70,,profile_valid,field_observation|morphology_learning|species_card,basic_identification|confusion_learning,,borderline,eligible,borderline,eligible,eligible,not_applicable,global_quality_is_broad_signal_not_selection,wing:yellow wing panel | whole_body:general body shape,Subject is heavily back-lit | Subject is partially obscured by branch clutter | bird is silhouetted and partially obscured by branches,medium,medium,low,unknown,adult,unknown,unknown,,,,,,,,,,,,
pmp-policy-review-0018,inaturalist::108990112,108990112,67457241,https://inaturalist-open-data.s3.amazonaws.com/photos/108990112/original.jpeg,/Users/ryelandt/Documents/database/data/raw/inaturalist/palier1-be-birds-50taxa-run003-v11-baseline-sprint6-controlled-120/images/108990112.jpeg,Turdus philomelos,,Song Thrush,,taxon:birds:000015,12748,joined_from_manifest,bird,whole_organism,valid,,71,64,76,64,65,66,,profile_valid,field_observation,basic_identification|confusion_learning|morphology_learning|species_card,,borderline,eligible,borderline,borderline,borderline,not_applicable,global_quality_is_broad_signal_not_selection,eye:eye ring,Subject heavily obstructed by branches | heavy occlusion by branches,medium,low,low,unknown,adult,unknown,unknown,"bonne analyse, photo de bonne qualité technique mais espèce derrière beaucoup de branches, identification relativement difficile",,,,,,,,,,,
pmp-policy-review-0050,inaturalist::112996446,112996446,69616259,https://inaturalist-open-data.s3.amazonaws.com/photos/112996446/original.jpeg,/Users/ryelandt/Documents/database/data/raw/inaturalist/palier1-be-birds-50taxa-run003-v11-baseline-sprint6-controlled-120/images/112996446.jpeg,Fringilla coelebs,,Common Chaffinch,,taxon:birds:000005,10070,joined_from_manifest,bird,whole_organism,valid,,74,64,82,60,74,69,,profile_valid,field_observation|morphology_learning,basic_identification|confusion_learning|species_card,,borderline,eligible,borderline,eligible,borderline,not_applicable,global_quality_is_broad_signal_not_selection,whole_body:general body shape,backlit subject makes fine detail identification difficult | subject is largely silhouetted against sky and shadowed,medium,medium,low,unknown,adult,unknown,unknown,bonne analyse de la photo,,,,,,,,,,,
pmp-policy-review-0091,inaturalist::124579479,124579479,75876241,https://inaturalist-open-data.s3.amazonaws.com/photos/124579479/original.jpeg,/Users/ryelandt/Documents/database/data/raw/inaturalist/palier1-be-birds-50taxa-run003-v11-baseline-sprint6-controlled-120/images/124579479.jpeg,Troglodytes troglodytes,,Eurasian Wren,,taxon:birds:000013,145363,joined_from_manifest,bird,whole_organism,valid,,62,53,76,57,58,57,,profile_valid,field_observation,basic_identification|confusion_learning|morphology_learning|species_card,,borderline,eligible,borderline,borderline,borderline,not_applicable,global_quality_is_broad_signal_not_selection,whole_body:small size and shape,"subject is very far, limiting detail for specific identification | subject is very distant in the frame",medium,low,low,unknown,adult,unknown,unknown,bonne analyse mais quand meme reconnaissable,,,,,,,,,,,
pmp-policy-review-0079,inaturalist::12289438,12289438,9097992,https://inaturalist-open-data.s3.amazonaws.com/photos/12289438/original.jpg,/Users/ryelandt/Documents/database/data/raw/inaturalist/palier1-be-birds-50taxa-run003-v11-baseline-sprint6-controlled-120/images/12289438.jpg,Streptopelia decaocto,,Eurasian Collared-Dove,,taxon:birds:000079,2969,joined_from_manifest,bird,whole_organism,valid,,59,45,72,52,55,55,,profile_valid,field_observation,confusion_learning|morphology_learning|species_card,basic_identification,not_recommended,eligible,borderline,borderline,borderline,not_applicable,global_quality_is_broad_signal_not_selection,whole_body:general body shape and size,"Subject is very small in frame, limiting diagnostic detail for identification. | The subject is distant and small in the frame, making fine field marks difficult to resolve.",medium,low,low,unknown,adult,unknown,unknown,bonne analyse/classification de la photo. espèce un peu loins sur un banc en bois. ,,,,,,,,,,,
pmp-policy-review-0003,inaturalist::100909260,100909260,62926971,https://inaturalist-open-data.s3.amazonaws.com/photos/100909260/original.jpeg,/Users/ryelandt/Documents/database/data/raw/inaturalist/palier1-be-birds-50taxa-run003-v11-baseline-sprint6-controlled-120/images/100909260.jpeg,Columba palumbus,,Common Wood-Pigeon,,taxon:birds:000001,3048,joined_from_manifest,bird,feather,valid,,96,24,76,39,78,33,92,profile_valid,field_observation|morphology_learning|indirect_evidence_learning,,basic_identification|confusion_learning|species_card,not_recommended,eligible,not_recommended,eligible,not_recommended,eligible,indirect_evidence_interpretation_applied | global_quality_is_broad_signal_not_selection,feather:distinctive white and black patterning of the primary/secondary feather,identification based on feather morphology only | indirect evidence,high,high,high,unknown,unknown,unknown,unknown,bonne analyse mais score global je ne sais pas si c'est bien qu'une plus ait autant malgré une qaulité top pour une photo de plume,,,,,,,,,,,
pmp-policy-review-0012,inaturalist::106685027,106685027,66213618,https://inaturalist-open-data.s3.amazonaws.com/photos/106685027/original.jpeg,/Users/ryelandt/Documents/database/data/raw/inaturalist/palier1-be-birds-50taxa-run003-v11-baseline-sprint6-controlled-120/images/106685027.jpeg,Turdus merula,,Eurasian Blackbird,,taxon:birds:000014,12716,joined_from_manifest,bird,whole_organism,valid,,57,43,71,52,53,54,,profile_valid,field_observation,confusion_learning|morphology_learning|species_card,basic_identification,not_recommended,eligible,borderline,borderline,borderline,not_applicable,global_quality_is_broad_signal_not_selection,whole_body:silhouette and general body shape,Heavy occlusion by vegetation makes precise identification difficult from image alone. | Subject is heavily occluded by branches and berries. | Subject is seen as a dark silhouette against brighter background.,medium,low,low,unknown,adult,unknown,unknown,"bonne analyse, élément distinctif de l'espèce (le bec) pas visible, bon entrainement mais compliqué, mais on voit quand meme la forme générale et la couleure ce qui permet quand meme l'identification",,,,,,,,,,,
pmp-policy-review-0087,inaturalist::124136259,124136259,75876187,https://inaturalist-open-data.s3.amazonaws.com/photos/124136259/original.jpeg,/Users/ryelandt/Documents/database/data/raw/inaturalist/palier1-be-birds-50taxa-run003-v11-baseline-sprint6-controlled-120/images/124136259.jpeg,Passer domesticus,,House Sparrow,,taxon:birds:000009,13858,joined_from_manifest,bird,whole_organism,valid,,74,64,82,60,74,73,,profile_valid,field_observation|morphology_learning|species_card,basic_identification|confusion_learning,,borderline,eligible,borderline,eligible,eligible,not_applicable,global_quality_is_broad_signal_not_selection,whole_body:general sparrow-like body shape,subject is small in frame | dense background foliage clutter | distant subject | subject partially obscured by thin branches,medium,medium,low,unknown,adult,unknown,unknown,"analyse un peu trop critique, l'espèce est claire, bien reconnaissable, bonne qualité technique etc. mais ok comme analyse",,,,,,,,,,,
pmp-policy-review-0023,inaturalist::108991727,108991727,67457256,https://inaturalist-open-data.s3.amazonaws.com/photos/108991727/original.jpeg,/Users/ryelandt/Documents/database/data/raw/inaturalist/palier1-be-birds-50taxa-run003-v11-baseline-sprint6-controlled-120/images/108991727.jpeg,Parus major,,Great Tit,,taxon:birds:000008,203153,joined_from_manifest,bird,whole_organism,valid,,59,45,72,53,55,55,,profile_valid,field_observation,confusion_learning|morphology_learning|species_card,basic_identification,not_recommended,eligible,borderline,borderline,borderline,not_applicable,global_quality_is_broad_signal_not_selection,head:dark head markings,subject heavily obstructed by dense vegetation | subject is distant and significantly occluded by branches,medium,low,low,unknown,adult,unknown,unknown,"bonne analyse, photo ok mais espèce dure a identifier, derrière branches et de dos. ",,,,,,,,,,,
pmp-policy-review-0068,inaturalist::11908352,11908352,8858883,https://inaturalist-open-data.s3.amazonaws.com/photos/11908352/original.jpg,/Users/ryelandt/Documents/database/data/raw/inaturalist/palier1-be-birds-50taxa-run003-v11-baseline-sprint6-controlled-120/images/11908352.jpg,Gallinula chloropus,,Common Moorhen,,taxon:birds:000025,201282,joined_from_manifest,bird,whole_organism,valid,,76,78,85,68,64,74,,profile_valid,basic_identification|field_observation|species_card,confusion_learning|morphology_learning,,eligible,eligible,borderline,borderline,eligible,not_applicable,global_quality_is_broad_signal_not_selection,head:red frontal shield and bill | wing:white lateral stripe,subject is small in image | subject is distant in frame,medium,medium,medium,unknown,adult,unknown,unknown,"subject is small in image | subject is distant in frame. photo de qualité moyenne/basse, mauvaise qualité technique/cadrage/distance mais quand meme reconnaissable",,,,,,,,,,,
pmp-policy-review-0002,inaturalist::100906257,100906257,62926159,https://inaturalist-open-data.s3.amazonaws.com/photos/100906257/original.jpeg,/Users/ryelandt/Documents/database/data/raw/inaturalist/palier1-be-birds-50taxa-run003-v11-baseline-sprint6-controlled-120/images/100906257.jpeg,Fulica atra,,Eurasian Coot,,taxon:birds:000024,482,joined_from_manifest,bird,whole_organism,valid,,90,95,88,84,81,86,,profile_valid,basic_identification|field_observation|confusion_learning|morphology_learning|species_card,,,eligible,eligible,eligible,eligible,eligible,not_applicable,global_quality_is_broad_signal_not_selection,head:white frontal shield | whole_body:solid dark plumage,significant occlusion due to foliage | partial occlusion by branches,medium,medium,high,unknown,adult,unknown,unknown,,,,,,,,,,,,
pmp-policy-review-0024,inaturalist::109009676,109009676,67467251,https://inaturalist-open-data.s3.amazonaws.com/photos/109009676/original.jpeg,/Users/ryelandt/Documents/database/data/raw/inaturalist/palier1-be-birds-50taxa-run003-v11-baseline-sprint6-controlled-120/images/109009676.jpeg,Buteo buteo,,Common Buzzard,,taxon:birds:000031,204472,joined_from_manifest,bird,whole_organism,valid,,84,87,85,74,74,81,,profile_valid,basic_identification|field_observation|confusion_learning|morphology_learning|species_card,,,eligible,eligible,eligible,eligible,eligible,not_applicable,global_quality_is_broad_signal_not_selection,whole_body:overall raptor shape and plumage,subject partially obstructed by tree branches | partially obscured by branches,medium,medium,medium,unknown,adult,unknown,unknown,"bonne analyse, je rajouterais photo floue et techniquement de qualité moyenne/basse",,,,,,,,,,,
pmp-policy-review-0055,inaturalist::113277588,113277588,69763877,https://inaturalist-open-data.s3.amazonaws.com/photos/113277588/original.jpeg,/Users/ryelandt/Documents/database/data/raw/inaturalist/palier1-be-birds-50taxa-run003-v11-baseline-sprint6-controlled-120/images/113277588.jpeg,Falco tinnunculus,,Eurasian Kestrel,,taxon:birds:000033,472766,joined_from_manifest,bird,whole_organism,valid,,75,73,82,73,71,74,,profile_valid,basic_identification|field_observation|confusion_learning|morphology_learning|species_card,,,eligible,eligible,eligible,eligible,eligible,not_applicable,global_quality_is_broad_signal_not_selection,whole_body:silhouette and wing shape,"long distance, subject is small in frame | distance to subject limits resolution of fine details",medium,medium,medium,unknown,adult,unknown,unknown,"+_ bonne analyse, espèce quand meme largement reconnaissable, en vol bien cadrée, un peu flou de mouvement, qualité technique pas ouf, bonne analyse et classement globalement",,,,,,,,,,,
pmp-policy-review-0005,inaturalist::101912004,101912004,63497514,https://inaturalist-open-data.s3.amazonaws.com/photos/101912004/original.jpeg,/Users/ryelandt/Documents/database/data/raw/inaturalist/palier1-be-birds-50taxa-run003-v11-baseline-sprint6-controlled-120/images/101912004.jpeg,Troglodytes troglodytes,,Eurasian Wren,,taxon:birds:000013,145363,joined_from_manifest,bird,whole_organism,valid,,33,27,52,38,31,24,,profile_valid,,field_observation,basic_identification|confusion_learning|morphology_learning|species_card,not_recommended,borderline,not_recommended,not_recommended,not_recommended,not_applicable,global_quality_is_broad_signal_not_selection,whole_body:silhouette,Subject is nearly entirely silhouetted against dark foliage | Extremely low lighting conditions | Subject is very distant and small in frame | subject is heavily silhouetted and poorly lit | lack of detail for definitive identification,unusable,low,none,unknown,unknown,unknown,unknown,,,,,,,,,,,,
pmp-policy-review-0026,inaturalist::109106681,109106681,67519608,https://inaturalist-open-data.s3.amazonaws.com/photos/109106681/original.jpg,/Users/ryelandt/Documents/database/data/raw/inaturalist/palier1-be-birds-50taxa-run003-v11-baseline-sprint6-controlled-120/images/109106681.jpg,Falco tinnunculus,,Eurasian Kestrel,,taxon:birds:000033,472766,joined_from_manifest,bird,whole_organism,valid,,46,40,61,52,39,42,,profile_valid,,field_observation|confusion_learning,basic_identification|morphology_learning|species_card,not_recommended,borderline,borderline,not_recommended,not_recommended,not_applicable,global_quality_is_broad_signal_not_selection,whole_body:silhouette,subject is a very small silhouette in the distance | no diagnostic details visible | extremely distant subject | silhouette only,low,low,low,unknown,unknown,unknown,unknown,"très bonne analyse,",,,,,,,,,,,
pmp-policy-review-0022,inaturalist::108991122,108991122,67457245,https://inaturalist-open-data.s3.amazonaws.com/photos/108991122/original.jpg,/Users/ryelandt/Documents/database/data/raw/inaturalist/palier1-be-birds-50taxa-run003-v11-baseline-sprint6-controlled-120/images/108991122.jpg,Dendrocopos major,,Great Spotted Woodpecker,,taxon:birds:000039,17871,joined_from_manifest,bird,whole_organism,valid,,53,47,68,53,50,43,,profile_valid,,field_observation|confusion_learning|morphology_learning,basic_identification|species_card,not_recommended,borderline,borderline,borderline,not_recommended,not_applicable,global_quality_is_broad_signal_not_selection,whole_body:general body shape and plumage contrast,"The subject is distant, partially obscured by twigs, and the image lacks sufficient sharpness for diagnostic detail. | distant subject | poor focus | obstructed by branches",low,low,low,unknown,adult,unknown,unknown,bonne analyse/classification de la photo,,,,,,,,,,,
pmp-policy-review-0101,inaturalist::12818748,12818748,9430870,https://inaturalist-open-data.s3.amazonaws.com/photos/12818748/original.jpeg,/Users/ryelandt/Documents/database/data/raw/inaturalist/palier1-be-birds-50taxa-run003-v11-baseline-sprint6-controlled-120/images/12818748.jpeg,Phalacrocorax carbo,,Great Cormorant,,taxon:birds:000028,4270,joined_from_manifest,bird,whole_organism,valid,,75,72,82,71,65,69,,profile_valid,basic_identification|field_observation|confusion_learning,morphology_learning|species_card,,eligible,eligible,eligible,borderline,borderline,not_applicable,global_quality_is_broad_signal_not_selection,whole_body:silhouette and wing shape | back:white thigh patch,long distance to subject limits diagnostic detail | subject is distant | low resolution,medium,medium,medium,unknown,adult,unknown,unknown,"bonne analyse, score un peu trop élevé a mon goût",,,,,,,,,,,
pmp-policy-review-0025,inaturalist::109009770,109009770,67467252,https://inaturalist-open-data.s3.amazonaws.com/photos/109009770/original.jpeg,/Users/ryelandt/Documents/database/data/raw/inaturalist/palier1-be-birds-50taxa-run003-v11-baseline-sprint6-controlled-120/images/109009770.jpeg,Falco tinnunculus,,Eurasian Kestrel,,taxon:birds:000033,472766,joined_from_manifest,bird,whole_organism,valid,,93,96,94,85,92,86,,profile_valid,basic_identification|field_observation|confusion_learning|morphology_learning|species_card,,,eligible,eligible,eligible,eligible,eligible,not_applicable,global_quality_is_broad_signal_not_selection,breast:heavy streaking on underparts | head:dark malar stripe,,medium,high,high,unknown,adult,unknown,unknown,"bonne photo, bon cadrage, un peu sombre, qualité moyenne, beaucoup zzomé, peu de contexte, espèce claire",,,,,,,,,,,
pmp-policy-review-0006,inaturalist::10333212,10333212,7845544,https://inaturalist-open-data.s3.amazonaws.com/photos/10333212/original.jpg,/Users/ryelandt/Documents/database/data/raw/inaturalist/palier1-be-birds-50taxa-run003-v11-baseline-sprint6-controlled-120/images/10333212.jpg,Accipiter nisus,,Eurasian Sparrowhawk,,taxon:birds:000032,5106,joined_from_manifest,bird,whole_organism,valid,,75,73,82,73,63,74,,profile_valid,basic_identification|field_observation|confusion_learning|species_card,morphology_learning,,eligible,eligible,eligible,borderline,eligible,not_applicable,global_quality_is_broad_signal_not_selection,whole_body:accipiter silhouette,"Soft focus/low resolution limits detail observation | distant, soft focus",medium,medium,medium,unknown,adult,unknown,unknown,très bonne analyse en effet mauvaise photo de moyen loin et qualité technique pas ouf mais espèce recconnaissable avec critères distinctifs et silhouette,,,,,,,,,,,
pmp-policy-review-0081,inaturalist::122971646,122971646,75176498,https://inaturalist-open-data.s3.amazonaws.com/photos/122971646/original.jpeg,/Users/ryelandt/Documents/database/data/raw/inaturalist/palier1-be-birds-50taxa-run003-v11-baseline-sprint6-controlled-120/images/122971646.jpeg,Cygnus olor,,Mute Swan,,taxon:birds:000023,6921,joined_from_manifest,bird,whole_organism,valid,,84,83,91,70,70,86,,profile_valid,basic_identification|field_observation|confusion_learning|morphology_learning|species_card,,,eligible,eligible,eligible,eligible,eligible,not_applicable,global_quality_is_broad_signal_not_selection,whole_body:overall white plumage and bulky shape,subject is somewhat small in frame | distant subject partially obscured by vegetation,high,medium,medium,unknown,adult,unknown,unknown,"bonne analyse mais un peu dure, l'espèce est distinctive, avec critères distinctifs assez visibles et elle n'est pas trop loin non plus. j'aurais mis un score un tout petit peu plus haut mais ok",,,,,,,,,,,
pmp-policy-review-0116,inaturalist::13370671,13370671,9763212,https://inaturalist-open-data.s3.amazonaws.com/photos/13370671/original.jpg,/Users/ryelandt/Documents/database/data/raw/inaturalist/palier1-be-birds-50taxa-run003-v11-baseline-sprint6-controlled-120/images/13370671.jpg,Fulica atra,,Eurasian Coot,,taxon:birds:000024,482,joined_from_manifest,bird,whole_organism,valid,,99,100,100,84,92,97,,profile_valid,basic_identification|field_observation|confusion_learning|morphology_learning|species_card,,,eligible,eligible,eligible,eligible,eligible,not_applicable,global_quality_is_broad_signal_not_selection,beak:white frontal shield and bill | whole_body:piebald plumage pattern,"Subject displays leucistic or partial albino plumage, which is an atypical color morph",high,high,high,unknown,adult,unknown,unknown,"super photo avec un individu rare, bon cadrage, bonne qualité, en train de nager",,,,,,,,,,,
pmp-policy-review-0061,inaturalist::115183713,115183713,70810173,https://inaturalist-open-data.s3.amazonaws.com/photos/115183713/original.jpeg,/Users/ryelandt/Documents/database/data/raw/inaturalist/palier1-be-birds-50taxa-run003-v11-baseline-sprint6-controlled-120/images/115183713.jpeg,Streptopelia decaocto,,Eurasian Collared-Dove,,taxon:birds:000079,2969,joined_from_manifest,bird,nest,valid,,57,9,63,18,32,13,83,profile_valid,indirect_evidence_learning,field_observation,basic_identification|confusion_learning|morphology_learning|species_card,not_recommended,borderline,not_recommended,not_recommended,not_recommended,eligible,indirect_evidence_interpretation_applied | global_quality_is_broad_signal_not_selection,nest:nest structure on building,indirect evidence only; bird not clearly identified; image of nest on structure | nest structures are often generic and difficult to identify to species without the occupant,medium,low,low,unknown,unknown,unknown,unknown,"très bonne analyse, on y voit l'espèce aussi donc plus facile d'identification. permettre une catégorisation nest+individu/groupe individus etc serait une bonne piste a explorer",,,,,,,,,,,
pmp-policy-review-0021,inaturalist::108990786,108990786,67457248,https://inaturalist-open-data.s3.amazonaws.com/photos/108990786/original.jpeg,/Users/ryelandt/Documents/database/data/raw/inaturalist/palier1-be-birds-50taxa-run003-v11-baseline-sprint6-controlled-120/images/108990786.jpeg,Parus major,,Great Tit,,taxon:birds:000008,203153,joined_from_manifest,bird,nest,valid,,57,9,63,18,32,13,83,profile_valid,indirect_evidence_learning,field_observation,basic_identification|confusion_learning|morphology_learning|species_card,not_recommended,borderline,not_recommended,not_recommended,not_recommended,eligible,indirect_evidence_interpretation_applied | global_quality_is_broad_signal_not_selection,nest:nest structure in tree branches,"Subject is a nest, which is indirect evidence and often hard to identify to species without additional cues. | The image depicts an obscured nest structure in a tree, making precise identification of the species impossible.",medium,low,low,unknown,unknown,unknown,unknown,"très bonne analyse, nid dans des branches, qualité ok mais compliqué d'identifier. bonne analyse de l'ia le nid est pas caractéristique et hyper reconnaissable donc pas super bon score",,,,,,,,,,,
pmp-policy-review-0109,inaturalist::131285019,131285019,80117787,https://inaturalist-open-data.s3.amazonaws.com/photos/131285019/original.jpeg,/Users/ryelandt/Documents/database/data/raw/inaturalist/palier1-be-birds-50taxa-run003-v11-baseline-sprint6-controlled-120/images/131285019.jpeg,Delichon urbicum,,Western House Martin,,taxon:birds:000042,64705,joined_from_manifest,bird,nest,valid,,92,19,85,26,44,23,89,profile_valid,field_observation|indirect_evidence_learning,,basic_identification|confusion_learning|morphology_learning|species_card,not_recommended,eligible,not_recommended,not_recommended,not_recommended,eligible,indirect_evidence_interpretation_applied | global_quality_is_broad_signal_not_selection,nest:distinctive mud pellet nest construction,identification relies on nest architecture rather than the bird itself | identification based primarily on characteristic nest architecture,high,medium,high,unknown,unknown,unknown,breeding_season,"très bonne analyse, en effet des nids clairement identifibles dans un contexte urbain. qualité technique bof mais permet quand meme identification si on s'y connait en nids, on y voit un individu flou en vol et assez petit",,,,,,,,,,,
