review_item_id,media_key,image_url,local_image_path,scientific_name,common_name_en,evidence_type,policy_status_before_if_available,policy_status_current,usage_statuses_before_if_available,usage_statuses_current,recommended_uses_current,previous_human_issue_category,target_taxon_visibility_if_available,contains_visible_answer_text_if_available,contains_ui_screenshot_if_available,habitat_specificity_if_available,why_selected_for_second_review,expected_patch_effect,visible_field_marks_summary,limitations_summary,second_review_decision,second_review_main_issue,second_review_notes
pmp-policy-review-0006,inaturalist::10333212,,/Users/ryelandt/Documents/database/data/raw/inaturalist/palier1-be-birds-50taxa-run003-pmp-policy-broader-400-20260504/images/10333212.jpg,Accipiter nisus,Eurasian Sparrowhawk,whole_organism,profile_valid,profile_valid,recommended:basic_identification|field_observation|morphology_learning|species_card|borderline:confusion_learning,basic_identification:eligible | field_observation:eligible | confusion_learning:borderline | morphology_learning:eligible | species_card:borderline,basic_identification|field_observation|morphology_learning,policy_accept,,,,,species_card_downgraded,stable; no patch expected; species_card was downgraded by v1.1,whole_body:slender raptor build | back:accipiter shape,image resolution limits fine feather detail identification | distance and lighting conditions limit detail,accept,fixed,
pmp-policy-review-0008,inaturalist::103442341,,/Users/ryelandt/Documents/database/data/raw/inaturalist/palier1-be-birds-50taxa-run003-pmp-policy-broader-400-20260504/images/103442341.jpeg,Ardea cinerea,Grey Heron,whole_organism,profile_valid,profile_valid,recommended:field_observation|borderline:basic_identification|confusion_learning|morphology_learning|species_card,basic_identification:borderline | field_observation:eligible | confusion_learning:borderline | morphology_learning:borderline | species_card:not_recommended,field_observation,policy_accept,,,,,field_observation_borderline,stable; no patch expected,neck:long neck and posture,Subject is quite small in the frame and distant | subject is distant | subject is partially obscured by vegetation,accept,,
pmp-policy-review-0015,inaturalist::108344756,,/Users/ryelandt/Documents/database/data/raw/inaturalist/palier1-be-birds-50taxa-run003-pmp-policy-broader-400-20260504/images/108344756.jpg,Cygnus olor,Mute Swan,whole_organism,profile_valid,profile_valid,recommended:basic_identification|field_observation|confusion_learning|morphology_learning|species_card|borderline:,basic_identification:eligible | field_observation:eligible | confusion_learning:eligible | morphology_learning:eligible | species_card:eligible,basic_identification|confusion_learning|field_observation|morphology_learning|species_card,policy_accept,,,,,species_card_eligible,stable; no patch expected,beak:orange bill with black base | back:white plumage,,accept,,
pmp-policy-review-0017,inaturalist::108788210,,/Users/ryelandt/Documents/database/data/raw/inaturalist/palier1-be-birds-50taxa-run003-pmp-policy-broader-400-20260504/images/108788210.jpeg,Turdus philomelos,Song Thrush,whole_organism,profile_valid,profile_valid,recommended:basic_identification|field_observation|confusion_learning|species_card|borderline:morphology_learning,basic_identification:eligible | field_observation:eligible | confusion_learning:eligible | morphology_learning:borderline | species_card:borderline,basic_identification|confusion_learning|field_observation,policy_accept,,,,,species_card_downgraded,stable; no patch expected; species_card was downgraded by v1.1,breast:spotted breast | back:brown upperparts,subject is small and distant in frame | small subject size in frame,accept,,
pmp-policy-review-0021,inaturalist::108990786,,/Users/ryelandt/Documents/database/data/raw/inaturalist/palier1-be-birds-50taxa-run003-pmp-policy-broader-400-20260504/images/108990786.jpeg,Parus major,Great Tit,nest,profile_valid,profile_valid,recommended:indirect_evidence_learning|borderline:field_observation,basic_identification:not_recommended | field_observation:borderline | confusion_learning:not_recommended | morphology_learning:not_recommended | species_card:not_recommended | indirect_evidence_learning:eligible,indirect_evidence_learning,policy_accept,,,,,stable_accepted_control,stable; no patch expected,nest:nest structure,indirect evidence; nest is partially obscured by twigs and leaves | identification is speculative without bird presence | indirect evidence only; nest identity cannot be confirmed from this view,accept,,
pmp-policy-review-0029,inaturalist::109294501,,/Users/ryelandt/Documents/database/data/raw/inaturalist/palier1-be-birds-50taxa-run003-pmp-policy-broader-400-20260504/images/109294501.jpeg,Turdus merula,Eurasian Blackbird,whole_organism,profile_valid,profile_valid,recommended:|borderline:field_observation|confusion_learning|morphology_learning,basic_identification:not_recommended | field_observation:borderline | confusion_learning:borderline | morphology_learning:borderline | species_card:not_recommended,,policy_accept,,,,,stable_accepted_control,stable; no patch expected,whole_body:silhouette,subject is a dark silhouette obscured by complex vegetation | subject heavily occluded by branches and low lighting,accept,,
pmp-policy-review-0044,inaturalist::112697174,,/Users/ryelandt/Documents/database/data/raw/inaturalist/palier1-be-birds-50taxa-run003-pmp-policy-broader-400-20260504/images/112697174.jpeg,Anser anser,Greylag Goose,multiple_organisms,profile_valid,profile_valid,recommended:field_observation|borderline:basic_identification|confusion_learning|morphology_learning|indirect_evidence_learning,basic_identification:borderline | field_observation:eligible | confusion_learning:borderline | morphology_learning:borderline | species_card:not_recommended | indirect_evidence_learning:borderline,field_observation,multiple_species_target_unclear,multiple_species_target_unclear,false,false,unknown,multiple_species_target_unclear,if target_taxon_visibility=multiple_species_target_unclear: basic_id/confusion_learning→borderline; species_card→not_recommended,whole_body:orange bill and pinkish-grey body | whole_body:black and white plumage patterns,Foreground obstruction due to wire,accept,,très bien il faut rajouter véritablement cette classification dans multiple orgnism avec soit les memes espèces donc ok soit espèces différentes pas ok ou espèces différentes mais vraiment obvious l'espèce en question
pmp-policy-review-0052,inaturalist::113198384,,/Users/ryelandt/Documents/database/data/raw/inaturalist/palier1-be-birds-50taxa-run003-pmp-policy-broader-400-20260504/images/113198384.jpg,Passer domesticus,House Sparrow,whole_organism,profile_valid,profile_valid,recommended:basic_identification|field_observation|confusion_learning|morphology_learning|species_card|borderline:,basic_identification:eligible | field_observation:eligible | confusion_learning:eligible | morphology_learning:eligible | species_card:eligible,basic_identification|confusion_learning|field_observation|morphology_learning|species_card,policy_accept,,,,,species_card_eligible,stable; no patch expected,beak:yellow gape | back:fledgling plumage texture,,accept,,
pmp-policy-review-0070,inaturalist::120221697,,/Users/ryelandt/Documents/database/data/raw/inaturalist/palier1-be-birds-50taxa-run003-pmp-policy-broader-400-20260504/images/120221697.jpg,Hirundo rustica,Barn Swallow,whole_organism,profile_valid,profile_valid,recommended:|borderline:field_observation|confusion_learning|morphology_learning,basic_identification:not_recommended | field_observation:borderline | confusion_learning:borderline | morphology_learning:borderline | species_card:not_recommended,,policy_accept,,,,,stable_accepted_control,stable; no patch expected,tail:forked tail,Subject is too small and distant for high-confidence identification via image alone | Extremely distant subject | Low resolution,accept,,
pmp-policy-review-0072,inaturalist::12159188,,/Users/ryelandt/Documents/database/data/raw/inaturalist/palier1-be-birds-50taxa-run003-pmp-policy-broader-400-20260504/images/12159188.jpg,Sturnus vulgaris,European Starling,habitat,profile_valid,profile_valid,recommended:indirect_evidence_learning|borderline:,basic_identification:not_recommended | field_observation:not_recommended | confusion_learning:not_recommended | morphology_learning:not_recommended | species_card:not_recommended | indirect_evidence_learning:not_recommended,,habitat_too_permissive,unknown,false,false,generic,habitat_generic,generic habitat: indirect_evidence_learning→not_recommended; habitat indirect_evidence_learning was downgraded by v1.1,habitat:bird feeder habitat,No organism present; image serves as environmental context only. | The media depicts a habitat/feeding station only; no bird is present.,accept,,"en effet pas hyper bien et surtout habitat et environnement avec très peu d'indices, pas possible de définir une espèce précise pour cet habitat"
pmp-policy-review-0092,inaturalist::12496624,,/Users/ryelandt/Documents/database/data/raw/inaturalist/palier1-be-birds-50taxa-run003-pmp-policy-broader-400-20260504/images/12496624.jpg,Columba palumbus,Common Wood-Pigeon,whole_organism,profile_valid,profile_valid,recommended:basic_identification|field_observation|confusion_learning|morphology_learning|species_card|borderline:,basic_identification:eligible | field_observation:eligible | confusion_learning:eligible | morphology_learning:eligible | species_card:eligible,basic_identification|confusion_learning|field_observation|morphology_learning|species_card,policy_accept,,,,,species_card_eligible,stable; no patch expected,neck:white neck patch | back:greyish-blue back,viewed from behind | rear angle limits visibility of breast and facial details,accept,,
pmp-policy-review-0097,inaturalist::12710696,,/Users/ryelandt/Documents/database/data/raw/inaturalist/palier1-be-birds-50taxa-run003-pmp-policy-broader-400-20260504/images/12710696.jpg,Cyanistes caeruleus,Eurasian Blue Tit,multiple_organisms,profile_valid,profile_valid,recommended:field_observation|morphology_learning|borderline:basic_identification|confusion_learning|indirect_evidence_learning,basic_identification:borderline | field_observation:eligible | confusion_learning:borderline | morphology_learning:eligible | species_card:not_recommended | indirect_evidence_learning:borderline,field_observation|morphology_learning,multiple_species_target_unclear,multiple_species_target_unclear,false,false,unknown,multiple_species_target_unclear,if target_taxon_visibility=multiple_species_target_unclear: basic_id/confusion_learning→borderline; species_card→not_recommended,whole_body:long tail and black-white pattern,,accept,,très bien il faut rajouter véritablement cette classification dans multiple orgnism avec soit les memes espèces donc ok soit espèces différentes pas ok ou espèces différentes mais vraiment obvious l'espèce en question
pmp-policy-review-0099,inaturalist::127180953,,/Users/ryelandt/Documents/database/data/raw/inaturalist/palier1-be-birds-50taxa-run003-pmp-policy-broader-400-20260504/images/127180953.jpg,Larus michahellis,Yellow-legged Gull,whole_organism,profile_valid,profile_valid,recommended:basic_identification|field_observation|confusion_learning|morphology_learning|species_card|borderline:,basic_identification:eligible | field_observation:eligible | confusion_learning:eligible | morphology_learning:eligible | species_card:eligible,basic_identification|confusion_learning|field_observation|morphology_learning|species_card,policy_accept,,,,,species_card_eligible,stable; no patch expected,whole_body:immature brownish plumage | wing:patterned wing coverts,Juvenile gulls of the Larus michahellis complex can be difficult to distinguish from similar species without specific geographical context,accept,,
pmp-policy-review-0106,inaturalist::129884140,,/Users/ryelandt/Documents/database/data/raw/inaturalist/palier1-be-birds-50taxa-run003-pmp-policy-broader-400-20260504/images/129884140.jpeg,Sturnus vulgaris,European Starling,whole_organism,profile_valid,profile_valid,recommended:field_observation|borderline:confusion_learning|morphology_learning|species_card,basic_identification:not_recommended | field_observation:eligible | confusion_learning:borderline | morphology_learning:borderline | species_card:not_recommended,field_observation,policy_accept,,,,,field_observation_borderline,stable; no patch expected,whole_body:silhouette and posture,Distant subject provides poor detail for positive identification | subject is distant | subject shown as silhouette only,accept,,
pmp-policy-review-0120,inaturalist::134612467,,/Users/ryelandt/Documents/database/data/raw/inaturalist/palier1-be-birds-50taxa-run003-pmp-policy-broader-400-20260504/images/134612467.jpeg,Turdus philomelos,Song Thrush,whole_organism,profile_valid,profile_valid,recommended:field_observation|species_card|borderline:basic_identification|confusion_learning|morphology_learning,basic_identification:borderline | field_observation:eligible | confusion_learning:borderline | morphology_learning:borderline | species_card:not_recommended,field_observation,policy_accept,,,,,"species_card_downgraded, field_observation_borderline",stable; no patch expected; species_card was downgraded by v1.1,breast:spotted breast pattern | whole_body:overall thrush shape,long distance to bird limits diagnostic visibility | subject is quite distant | low resolution prevents identification of fine plumage details,accept,,
pmp-policy-review-0123,inaturalist::134613679,,/Users/ryelandt/Documents/database/data/raw/inaturalist/palier1-be-birds-50taxa-run003-pmp-policy-broader-400-20260504/images/134613679.jpeg,Anas platyrhynchos,Mallard,multiple_organisms,profile_valid,profile_valid,recommended:field_observation|morphology_learning|borderline:basic_identification|confusion_learning|indirect_evidence_learning,basic_identification:borderline | field_observation:eligible | confusion_learning:borderline | morphology_learning:eligible | species_card:not_recommended | indirect_evidence_learning:borderline,field_observation|morphology_learning,same_species_multiple_individuals_ok,multiple_individuals_same_taxon,false,false,unknown,same_species_multiple_individuals_ok,multiple_individuals_same_taxon note; no usage change,head:green head | beak:yellow bill,,accept,,"bien bonne classification, mais multiple individuals de meme taxons ne devrait pas diminuer le score en général"
pmp-policy-review-0126,inaturalist::13785358,,/Users/ryelandt/Documents/database/data/raw/inaturalist/palier1-be-birds-50taxa-run003-pmp-policy-broader-400-20260504/images/13785358.jpeg,Turdus philomelos,Song Thrush,partial_organism,profile_valid,profile_valid,recommended:field_observation|borderline:confusion_learning|morphology_learning|indirect_evidence_learning,basic_identification:not_recommended | field_observation:eligible | confusion_learning:borderline | morphology_learning:borderline | species_card:not_recommended | indirect_evidence_learning:borderline,field_observation,policy_accept,,,,,stable_accepted_control,stable; no patch expected,unknown:snail shells smashed by thrush anvil,"Indirect evidence only; identifies the foraging behavior of Turdus philomelos. | Evidence is a Song Thrush anvil/feeding site, not the bird itself.",accept,,
pmp-policy-review-0136,inaturalist::141142367,,/Users/ryelandt/Documents/database/data/raw/inaturalist/palier1-be-birds-50taxa-run003-pmp-policy-broader-400-20260504/images/141142367.jpg,Dendrocopos major,Great Spotted Woodpecker,whole_organism,profile_valid,profile_valid,recommended:field_observation|confusion_learning|borderline:basic_identification|morphology_learning|species_card,basic_identification:borderline | field_observation:eligible | confusion_learning:eligible | morphology_learning:borderline | species_card:not_recommended,confusion_learning|field_observation,policy_accept,,,,,stable_accepted_control,stable; no patch expected,wing:black and white wing pattern | head:red patch on head,photographed through a screen | significant distance | distance to subject | image resolution,accept,,
pmp-policy-review-0138,inaturalist::14306882,,/Users/ryelandt/Documents/database/data/raw/inaturalist/palier1-be-birds-50taxa-run003-pmp-policy-broader-400-20260504/images/14306882.jpg,Podiceps cristatus,Great Crested Grebe,,profile_failed,profile_failed,,,,schema_false_negative,unknown,unknown,unknown,unknown,"schema_false_negative, profile_failed_current",schema normalization fix: expect profile_valid,,,too_strict,,the image should be useable
pmp-policy-review-0148,inaturalist::150308702,,/Users/ryelandt/Documents/database/data/raw/inaturalist/palier1-be-birds-50taxa-run003-pmp-policy-broader-400-20260504/images/150308702.jpeg,Cygnus olor,Mute Swan,multiple_organisms,profile_valid,profile_valid,recommended:field_observation|morphology_learning|borderline:basic_identification|confusion_learning|indirect_evidence_learning,basic_identification:borderline | field_observation:eligible | confusion_learning:borderline | morphology_learning:eligible | species_card:not_recommended | indirect_evidence_learning:borderline,field_observation|morphology_learning,multiple_species_target_unclear,multiple_species_target_unclear,false,false,unknown,multiple_species_target_unclear,if target_taxon_visibility=multiple_species_target_unclear: basic_id/confusion_learning→borderline; species_card→not_recommended,whole_body:large white body | beak:orange bill with black knob,,accept,,"usage vraiment limité pour cette observ ation, trop d'espèces présentes et de loin, on ne sait pas de quoi on parle, score très bas reccomandé si multi taxons pas clair, quasiment inutilisable"
pmp-policy-review-0149,inaturalist::150309125,,/Users/ryelandt/Documents/database/data/raw/inaturalist/palier1-be-birds-50taxa-run003-pmp-policy-broader-400-20260504/images/150309125.jpeg,Anas platyrhynchos,Mallard,whole_organism,profile_valid,profile_valid,recommended:basic_identification|field_observation|confusion_learning|morphology_learning|species_card|borderline:,basic_identification:eligible | field_observation:eligible | confusion_learning:eligible | morphology_learning:eligible | species_card:eligible,basic_identification|confusion_learning|field_observation|morphology_learning|species_card,policy_accept,,,,,species_card_eligible,stable; no patch expected,whole_body:downy juvenile plumage | whole_body:duckling body shape,juvenile plumage is less distinctive than adult plumage,accept,,
pmp-policy-review-0153,inaturalist::152039289,,/Users/ryelandt/Documents/database/data/raw/inaturalist/palier1-be-birds-50taxa-run003-pmp-policy-broader-400-20260504/images/152039289.jpg,Passer domesticus,House Sparrow,dead_organism,profile_valid,profile_valid,recommended:field_observation|indirect_evidence_learning|borderline:confusion_learning|morphology_learning,basic_identification:not_recommended | field_observation:eligible | confusion_learning:borderline | morphology_learning:borderline | species_card:not_recommended | indirect_evidence_learning:eligible,field_observation|indirect_evidence_learning,policy_accept,,,,,stable_accepted_control,stable; no patch expected,whole_body:overall skeletal structure | beak:beak shape,specimen is a skeleton/carcass | identification is challenging due to decomposition | specimen is in a decomposed state,accept,,
pmp-policy-review-0156,inaturalist::153104665,,/Users/ryelandt/Documents/database/data/raw/inaturalist/palier1-be-birds-50taxa-run003-pmp-policy-broader-400-20260504/images/153104665.jpg,Athene noctua,Little Owl,whole_organism,profile_valid,profile_valid,recommended:basic_identification|field_observation|morphology_learning|species_card|borderline:confusion_learning,basic_identification:eligible | field_observation:eligible | confusion_learning:borderline | morphology_learning:eligible | species_card:borderline,basic_identification|field_observation|morphology_learning,policy_accept,,,,,species_card_downgraded,stable; no patch expected; species_card was downgraded by v1.1,whole_body:compact owl silhouette | back:spotted plumage pattern,Image is grainy due to low-light conditions. | low light conditions | night photography,accept,,
pmp-policy-review-0157,inaturalist::155810806,,/Users/ryelandt/Documents/database/data/raw/inaturalist/palier1-be-birds-50taxa-run003-pmp-policy-broader-400-20260504/images/155810806.jpeg,Falco peregrinus,Peregrine Falcon,multiple_organisms,profile_valid,profile_valid,recommended:field_observation|borderline:basic_identification|confusion_learning|morphology_learning|indirect_evidence_learning,basic_identification:borderline | field_observation:eligible | confusion_learning:borderline | morphology_learning:borderline | species_card:not_recommended | indirect_evidence_learning:borderline,field_observation,same_species_multiple_individuals_ok,multiple_individuals_same_taxon,false,false,unknown,same_species_multiple_individuals_ok,multiple_individuals_same_taxon note; no usage change,head:malar stripe | beak:hooked raptor beak | head:dark cap,,accept,,
pmp-policy-review-0164,inaturalist::158837433,,/Users/ryelandt/Documents/database/data/raw/inaturalist/palier1-be-birds-50taxa-run003-pmp-policy-broader-400-20260504/images/158837433.jpeg,Columba palumbus,Common Wood-Pigeon,feather,profile_valid,profile_valid,recommended:field_observation|indirect_evidence_learning|borderline:morphology_learning,basic_identification:not_recommended | field_observation:eligible | confusion_learning:not_recommended | morphology_learning:borderline | species_card:not_recommended | indirect_evidence_learning:eligible,field_observation|indirect_evidence_learning,policy_accept,,,,,stable_accepted_control,stable; no patch expected,feather:grey coloration,indirect evidence | feather only | feather only; specific identification is difficult without more context,accept,,
pmp-policy-review-0176,inaturalist::168655956,,/Users/ryelandt/Documents/database/data/raw/inaturalist/palier1-be-birds-50taxa-run003-pmp-policy-broader-400-20260504/images/168655956.jpeg,Cygnus olor,Mute Swan,multiple_organisms,profile_valid,profile_valid,recommended:field_observation|borderline:confusion_learning|morphology_learning|indirect_evidence_learning,basic_identification:not_recommended | field_observation:eligible | confusion_learning:borderline | morphology_learning:borderline | species_card:not_recommended | indirect_evidence_learning:borderline,field_observation,multiple_species_target_unclear,multiple_species_target_unclear,false,false,unknown,multiple_species_target_unclear,if target_taxon_visibility=multiple_species_target_unclear: basic_id/confusion_learning→borderline; species_card→not_recommended,neck:long white necks | beak:orange bills,"multiple avian species in frame complicate subject identification focus | multiple species present in scene, focus on Cygnus olor",accept,,
pmp-policy-review-0181,inaturalist::174094536,,/Users/ryelandt/Documents/database/data/raw/inaturalist/palier1-be-birds-50taxa-run003-pmp-policy-broader-400-20260504/images/174094536.jpeg,Pica pica,Eurasian Magpie,whole_organism,profile_valid,profile_valid,recommended:basic_identification|field_observation|confusion_learning|morphology_learning|species_card|borderline:,basic_identification:eligible | field_observation:eligible | confusion_learning:eligible | morphology_learning:eligible | species_card:eligible,basic_identification|confusion_learning|field_observation|morphology_learning|species_card,policy_accept,,,,,species_card_eligible,stable; no patch expected,whole_body:black and white plumage | tail:long tail,,accept,,
pmp-policy-review-0188,inaturalist::178993834,,/Users/ryelandt/Documents/database/data/raw/inaturalist/palier1-be-birds-50taxa-run003-pmp-policy-broader-400-20260504/images/178993834.jpeg,Phalacrocorax carbo,Great Cormorant,whole_organism,profile_valid,profile_valid,recommended:field_observation|borderline:confusion_learning|morphology_learning|species_card,basic_identification:not_recommended | field_observation:eligible | confusion_learning:borderline | morphology_learning:borderline | species_card:not_recommended,field_observation,field_observation_too_permissive,unknown,false,false,unknown,field_observation_borderline,field_observation unchanged (broad by design),whole_body:silhouette and posture,"distant, silhouette-only identification | subject is a distant silhouette",accept,,
pmp-policy-review-0194,inaturalist::181534756,,/Users/ryelandt/Documents/database/data/raw/inaturalist/palier1-be-birds-50taxa-run003-pmp-policy-broader-400-20260504/images/181534756.jpeg,Ardea cinerea,Grey Heron,whole_organism,profile_valid,profile_valid,recommended:basic_identification|field_observation|confusion_learning|morphology_learning|species_card|borderline:,basic_identification:eligible | field_observation:eligible | confusion_learning:eligible | morphology_learning:eligible | species_card:eligible,basic_identification|confusion_learning|field_observation|morphology_learning|species_card,policy_accept,,,,,species_card_eligible,stable; no patch expected,whole_body:grey plumage | beak:long sharp bill | neck:long slender neck,,accept,,
pmp-policy-review-0195,inaturalist::18272669,,/Users/ryelandt/Documents/database/data/raw/inaturalist/palier1-be-birds-50taxa-run003-pmp-policy-broader-400-20260504/images/18272669.jpg,Larus michahellis,Yellow-legged Gull,multiple_organisms,profile_valid,profile_valid,recommended:field_observation|morphology_learning|borderline:basic_identification|confusion_learning|indirect_evidence_learning,basic_identification:borderline | field_observation:eligible | confusion_learning:borderline | morphology_learning:eligible | species_card:not_recommended | indirect_evidence_learning:borderline,field_observation|morphology_learning,same_species_multiple_individuals_ok,multiple_individuals_same_taxon,false,false,unknown,same_species_multiple_individuals_ok,multiple_individuals_same_taxon note; no usage change,wing:juvenile wing coverts | beak:bill shape,intense interaction makes precise feather count difficult,accept,,
pmp-policy-review-0207,inaturalist::191535445,,/Users/ryelandt/Documents/database/data/raw/inaturalist/palier1-be-birds-50taxa-run003-pmp-policy-broader-400-20260504/images/191535445.jpeg,Columba palumbus,Common Wood-Pigeon,feather,profile_valid,profile_valid,recommended:field_observation|morphology_learning|indirect_evidence_learning|borderline:,basic_identification:not_recommended | field_observation:eligible | confusion_learning:not_recommended | morphology_learning:eligible | species_card:not_recommended | indirect_evidence_learning:eligible,field_observation|indirect_evidence_learning|morphology_learning,policy_accept,,,,,stable_accepted_control,stable; no patch expected,feather:feather structure and coloration,Subject is indirect evidence (feather). | Full identification is limited by lack of context and size reference. | feather identification requires specific comparison to known specimen reference collections,accept,,
pmp-policy-review-0208,inaturalist::192799652,,/Users/ryelandt/Documents/database/data/raw/inaturalist/palier1-be-birds-50taxa-run003-pmp-policy-broader-400-20260504/images/192799652.jpg,Cygnus olor,Mute Swan,whole_organism,profile_valid,profile_valid,recommended:basic_identification|field_observation|confusion_learning|morphology_learning|species_card|borderline:,basic_identification:eligible | field_observation:eligible | confusion_learning:eligible | morphology_learning:eligible | species_card:eligible,basic_identification|confusion_learning|field_observation|morphology_learning|species_card,policy_accept,,,,,species_card_eligible,stable; no patch expected,beak:orange bill with black base and knob | neck:long neck,,accept,,
pmp-policy-review-0209,inaturalist::194623316,,/Users/ryelandt/Documents/database/data/raw/inaturalist/palier1-be-birds-50taxa-run003-pmp-policy-broader-400-20260504/images/194623316.jpg,Turdus philomelos,Song Thrush,dead_organism,profile_valid,profile_valid,recommended:field_observation|morphology_learning|indirect_evidence_learning|borderline:confusion_learning,basic_identification:not_recommended | field_observation:eligible | confusion_learning:borderline | morphology_learning:eligible | species_card:not_recommended | indirect_evidence_learning:eligible,field_observation|indirect_evidence_learning|morphology_learning,policy_accept,,,,,stable_accepted_control,stable; no patch expected,breast:spotted breast pattern | back:brown plumage with streaking,specimen is deceased,accept,,
pmp-policy-review-0213,inaturalist::197128124,,/Users/ryelandt/Documents/database/data/raw/inaturalist/palier1-be-birds-50taxa-run003-pmp-policy-broader-400-20260504/images/197128124.jpg,Coccothraustes coccothraustes,Hawfinch,,profile_failed,profile_failed,,,,schema_false_negative,unknown,unknown,unknown,unknown,"schema_false_negative, profile_failed_current",schema normalization fix: expect profile_valid,,,too_strict,,the image should be useable
pmp-policy-review-0219,inaturalist::204513050,,/Users/ryelandt/Documents/database/data/raw/inaturalist/palier1-be-birds-50taxa-run003-pmp-policy-broader-400-20260504/images/204513050.jpg,Hirundo rustica,Barn Swallow,nest,profile_valid,profile_valid,recommended:field_observation|indirect_evidence_learning|borderline:,basic_identification:not_recommended | field_observation:eligible | confusion_learning:not_recommended | morphology_learning:not_recommended | species_card:not_recommended | indirect_evidence_learning:eligible,field_observation|indirect_evidence_learning,policy_accept,,,,,stable_accepted_control,stable; no patch expected,nest:mud and straw construction typical of swallows,nest only; no live organism visible | indirect evidence: nest identification assumes typical Hirundo rustica structure,accept,,
pmp-policy-review-0220,inaturalist::205550561,,/Users/ryelandt/Documents/database/data/raw/inaturalist/palier1-be-birds-50taxa-run003-pmp-policy-broader-400-20260504/images/205550561.jpg,Turdus philomelos,Song Thrush,dead_organism,profile_valid,profile_valid,recommended:field_observation|morphology_learning|indirect_evidence_learning|borderline:confusion_learning,basic_identification:not_recommended | field_observation:eligible | confusion_learning:borderline | morphology_learning:eligible | species_card:not_recommended | indirect_evidence_learning:eligible,field_observation|indirect_evidence_learning|morphology_learning,policy_accept,,,,,stable_accepted_control,stable; no patch expected,breast:spotted breast pattern | belly:spotted flank/belly,Subject is deceased.,accept,,
pmp-policy-review-0224,inaturalist::217458596,,/Users/ryelandt/Documents/database/data/raw/inaturalist/palier1-be-birds-50taxa-run003-pmp-policy-broader-400-20260504/images/217458596.jpg,Turdus philomelos,Song Thrush,dead_organism,profile_valid,profile_valid,recommended:field_observation|morphology_learning|indirect_evidence_learning|borderline:confusion_learning,basic_identification:not_recommended | field_observation:eligible | confusion_learning:borderline | morphology_learning:eligible | species_card:not_recommended | indirect_evidence_learning:eligible,field_observation|indirect_evidence_learning|morphology_learning,policy_accept,,,,,stable_accepted_control,stable; no patch expected,breast:spotted breast pattern | back:brownish dorsal coloration | beak:beak shape,subject is deceased,accept,,
pmp-policy-review-0229,inaturalist::227858760,,/Users/ryelandt/Documents/database/data/raw/inaturalist/palier1-be-birds-50taxa-run003-pmp-policy-broader-400-20260504/images/227858760.jpeg,Hirundo rustica rustica,White-bellied Barn Swallow,dead_organism,profile_valid,profile_valid,recommended:field_observation|morphology_learning|indirect_evidence_learning|borderline:,basic_identification:not_recommended | field_observation:eligible | confusion_learning:not_recommended | morphology_learning:eligible | species_card:not_recommended | indirect_evidence_learning:eligible,field_observation|indirect_evidence_learning|morphology_learning,policy_accept,,,,,stable_accepted_control,stable; no patch expected,legs:banding on leg | whole_body:downy plumage,Subject is deceased; visible features are immature. | subject is a young nestling; identification is challenging,accept,,
pmp-policy-review-0235,inaturalist::235724727,,/Users/ryelandt/Documents/database/data/raw/inaturalist/palier1-be-birds-50taxa-run003-pmp-policy-broader-400-20260504/images/235724727.jpeg,Motacilla alba,White Wagtail,whole_organism,profile_valid,profile_valid,recommended:basic_identification|field_observation|confusion_learning|morphology_learning|species_card|borderline:,basic_identification:eligible | field_observation:eligible | confusion_learning:eligible | morphology_learning:eligible | species_card:eligible,basic_identification|confusion_learning|field_observation|morphology_learning|species_card,policy_accept,,,,,species_card_eligible,stable; no patch expected,breast:distinctive black bib | head:black and white facial pattern | back:grey back,,accept,,
pmp-policy-review-0242,inaturalist::237495251,,/Users/ryelandt/Documents/database/data/raw/inaturalist/palier1-be-birds-50taxa-run003-pmp-policy-broader-400-20260504/images/237495251.jpg,Sturnus vulgaris,European Starling,multiple_organisms,profile_valid,profile_valid,recommended:field_observation|borderline:confusion_learning|morphology_learning|indirect_evidence_learning,basic_identification:not_recommended | field_observation:eligible | confusion_learning:borderline | morphology_learning:borderline | species_card:not_recommended | indirect_evidence_learning:borderline,field_observation,same_species_multiple_individuals_ok,multiple_individuals_same_taxon,false,false,unknown,same_species_multiple_individuals_ok,multiple_individuals_same_taxon note; no usage change,whole_body:silhouette outline,"backlit subject reduces identification to silhouette characteristics | subjects are backlit, resulting in silhouettes",accept,,
pmp-policy-review-0251,inaturalist::250224759,,/Users/ryelandt/Documents/database/data/raw/inaturalist/palier1-be-birds-50taxa-run003-pmp-policy-broader-400-20260504/images/250224759.jpg,Fringilla coelebs,Common Chaffinch,whole_organism,profile_valid,profile_valid,recommended:|borderline:field_observation|confusion_learning|morphology_learning,basic_identification:not_recommended | field_observation:borderline | confusion_learning:borderline | morphology_learning:borderline | species_card:not_recommended,,policy_accept,,,,,stable_accepted_control,stable; no patch expected,wing:white wing bar,"Subject is distant and lacks sufficient detail for definitive species-level identification | Subject is small, distant, and poorly focused | Key diagnostic features (head markings) are obscured",accept,,
pmp-policy-review-0252,inaturalist::252411697,,/Users/ryelandt/Documents/database/data/raw/inaturalist/palier1-be-birds-50taxa-run003-pmp-policy-broader-400-20260504/images/252411697.jpg,Dryocopus martius,Black Woodpecker,habitat,profile_valid,profile_valid,recommended:field_observation|indirect_evidence_learning|borderline:,basic_identification:not_recommended | field_observation:eligible | confusion_learning:not_recommended | morphology_learning:not_recommended | species_card:not_recommended | indirect_evidence_learning:borderline,field_observation,policy_accept,,,,,habitat_species_relevant,stable; no patch expected; habitat indirect_evidence_learning was downgraded by v1.1,habitat:woodpecker foraging damage,"indirect evidence; identification based on foraging sign | indirect evidence only, typical of large woodpecker activity",accept,,très bonne photo pour evidence learning car indice clair sur l'espèce précise
pmp-policy-review-0253,inaturalist::254172262,,/Users/ryelandt/Documents/database/data/raw/inaturalist/palier1-be-birds-50taxa-run003-pmp-policy-broader-400-20260504/images/254172262.jpeg,Falco peregrinus,Peregrine Falcon,unknown,profile_valid,profile_valid,,basic_identification:not_recommended | field_observation:not_recommended | confusion_learning:not_recommended | morphology_learning:not_recommended | species_card:not_recommended | indirect_evidence_learning:not_recommended,,rare_model_subject_miss,unknown,false,false,unknown,stable_accepted_control,stable; no patch expected,,"The image contains no biological subject. It shows a metal sculpture/logo of a lion on a building facade. | The image depicts an architectural feature/logo on a building, not an organism.",accept,,
pmp-policy-review-0280,inaturalist::26274394,,/Users/ryelandt/Documents/database/data/raw/inaturalist/palier1-be-birds-50taxa-run003-pmp-policy-broader-400-20260504/images/26274394.jpeg,Fulica atra,Eurasian Coot,whole_organism,profile_valid,profile_valid,recommended:basic_identification|field_observation|confusion_learning|morphology_learning|species_card|borderline:,basic_identification:eligible | field_observation:eligible | confusion_learning:eligible | morphology_learning:eligible | species_card:eligible,basic_identification|confusion_learning|field_observation|morphology_learning|species_card,policy_accept,,,,,species_card_eligible,stable; no patch expected,head:white frontal shield | beak:white beak,,accept,,
pmp-policy-review-0283,inaturalist::264553506,,/Users/ryelandt/Documents/database/data/raw/inaturalist/palier1-be-birds-50taxa-run003-pmp-policy-broader-400-20260504/images/264553506.jpeg,Podiceps cristatus,Great Crested Grebe,,profile_failed,profile_failed,,,,schema_false_negative,unknown,unknown,unknown,unknown,"schema_false_negative, profile_failed_current",schema normalization fix: expect profile_valid,,,too_strict,,
pmp-policy-review-0284,inaturalist::264553526,,/Users/ryelandt/Documents/database/data/raw/inaturalist/palier1-be-birds-50taxa-run003-pmp-policy-broader-400-20260504/images/264553526.jpeg,Larus argentatus,European Herring Gull,,profile_failed,profile_failed,,,,schema_false_negative,unknown,unknown,unknown,unknown,"schema_false_negative, profile_failed_current",schema normalization fix: expect profile_valid,,,too_strict,,
pmp-policy-review-0299,inaturalist::276197985,,/Users/ryelandt/Documents/database/data/raw/inaturalist/palier1-be-birds-50taxa-run003-pmp-policy-broader-400-20260504/images/276197985.jpg,Motacilla alba,White Wagtail,whole_organism,profile_valid,profile_valid,recommended:confusion_learning|borderline:basic_identification|field_observation|morphology_learning|species_card,basic_identification:borderline | field_observation:borderline | confusion_learning:eligible | morphology_learning:borderline | species_card:not_recommended,confusion_learning,policy_accept,,,,,stable_accepted_control,stable; no patch expected,whole_body:black and white plumage pattern,low resolution | distant subject | image resolution is low | bird is distant,accept,,
pmp-policy-review-0302,inaturalist::27766970,,/Users/ryelandt/Documents/database/data/raw/inaturalist/palier1-be-birds-50taxa-run003-pmp-policy-broader-400-20260504/images/27766970.jpg,Picus viridis,Eurasian Green Woodpecker,whole_organism,profile_valid,profile_valid,recommended:basic_identification|field_observation|confusion_learning|morphology_learning|species_card|borderline:,basic_identification:eligible | field_observation:eligible | confusion_learning:eligible | morphology_learning:eligible | species_card:eligible,basic_identification|confusion_learning|field_observation|morphology_learning|species_card,policy_accept,,,,,species_card_eligible,stable; no patch expected,head:red crown | back:green upperparts | back:yellow rump,,accept,,
pmp-policy-review-0326,inaturalist::29903211,,/Users/ryelandt/Documents/database/data/raw/inaturalist/palier1-be-birds-50taxa-run003-pmp-policy-broader-400-20260504/images/29903211.jpeg,Larus argentatus,European Herring Gull,whole_organism,profile_valid,profile_valid,recommended:field_observation|species_card|borderline:basic_identification|confusion_learning|morphology_learning,basic_identification:borderline | field_observation:eligible | confusion_learning:borderline | morphology_learning:borderline | species_card:not_recommended,field_observation,policy_accept,,,,,"species_card_downgraded, field_observation_borderline",stable; no patch expected; species_card was downgraded by v1.1,whole_body:mottled plumage,subject is distant | limited resolution for fine detail | distant view | subject too small for definitive diagnostic feature assessment,accept,,
pmp-policy-review-0332,inaturalist::30207516,,/Users/ryelandt/Documents/database/data/raw/inaturalist/palier1-be-birds-50taxa-run003-pmp-policy-broader-400-20260504/images/30207516.jpeg,Fulica atra,Eurasian Coot,whole_organism,profile_valid,profile_valid,recommended:|borderline:basic_identification|field_observation|confusion_learning|morphology_learning,basic_identification:borderline | field_observation:borderline | confusion_learning:borderline | morphology_learning:borderline | species_card:not_recommended,,policy_accept,,,,,stable_accepted_control,stable; no patch expected,head:white frontal shield and bill against dark body,Subject is heavily obscured by branches | The image quality limits fine feature identification | Heavy obstruction by thorny vegetation | long distance,accept,,
pmp-policy-review-0335,inaturalist::30487921,,/Users/ryelandt/Documents/database/data/raw/inaturalist/palier1-be-birds-50taxa-run003-pmp-policy-broader-400-20260504/images/30487921.jpg,Phoenicurus ochruros,Black Redstart,,pre_ai_rejected,pre_ai_rejected,,,,pre_ai_borderline,unknown,unknown,unknown,unknown,stable_accepted_control,stable; no patch expected,,,accept,,
pmp-policy-review-0340,inaturalist::31534282,,/Users/ryelandt/Documents/database/data/raw/inaturalist/palier1-be-birds-50taxa-run003-pmp-policy-broader-400-20260504/images/31534282.jpg,Coloeus monedula,Eurasian Jackdaw,whole_organism,profile_valid,profile_valid,recommended:field_observation|species_card|borderline:basic_identification|confusion_learning|morphology_learning,basic_identification:borderline | field_observation:eligible | confusion_learning:borderline | morphology_learning:borderline | species_card:not_recommended,field_observation,species_card_too_permissive,unknown,false,false,unknown,"species_card_downgraded, field_observation_borderline",severe limitation keywords: species_card→not_recommended; species_card was downgraded by v1.1,whole_body:overall dark coloration and shape,Subject is small in frame | Subject is somewhat distant | small size in frame | lack of detail for definitive ID,accept,,
pmp-policy-review-0345,inaturalist::32181678,,/Users/ryelandt/Documents/database/data/raw/inaturalist/palier1-be-birds-50taxa-run003-pmp-policy-broader-400-20260504/images/32181678.jpg,Phalacrocorax carbo,Great Cormorant,whole_organism,profile_valid,profile_valid,recommended:basic_identification|field_observation|confusion_learning|morphology_learning|species_card|borderline:,basic_identification:eligible | field_observation:eligible | confusion_learning:eligible | morphology_learning:eligible | species_card:eligible,basic_identification|confusion_learning|field_observation|morphology_learning|species_card,policy_accept,,,,,species_card_eligible,stable; no patch expected,breast:pale underparts | beak:hooked bill shape,,accept,,
pmp-policy-review-0351,inaturalist::34441531,,/Users/ryelandt/Documents/database/data/raw/inaturalist/palier1-be-birds-50taxa-run003-pmp-policy-broader-400-20260504/images/34441531.jpeg,Hirundo rustica,Barn Swallow,nest,profile_valid,profile_valid,recommended:field_observation|indirect_evidence_learning|borderline:,basic_identification:not_recommended | field_observation:eligible | confusion_learning:not_recommended | morphology_learning:not_recommended | species_card:not_recommended | indirect_evidence_learning:eligible,field_observation|indirect_evidence_learning,policy_accept,,,,,stable_accepted_control,stable; no patch expected,nest:mud cup nest construction,only nest is visible; bird is absent | indirect evidence,accept,,
pmp-policy-review-0376,inaturalist::368841977,,/Users/ryelandt/Documents/database/data/raw/inaturalist/palier1-be-birds-50taxa-run003-pmp-policy-broader-400-20260504/images/368841977.jpg,Riparia riparia,Bank Swallow,multiple_organisms,profile_valid,profile_valid,recommended:field_observation|morphology_learning|borderline:basic_identification|confusion_learning|indirect_evidence_learning,basic_identification:borderline | field_observation:eligible | confusion_learning:borderline | morphology_learning:eligible | species_card:not_recommended | indirect_evidence_learning:borderline,field_observation|morphology_learning,same_species_multiple_individuals_ok,multiple_individuals_same_taxon,false,false,unknown,same_species_multiple_individuals_ok,multiple_individuals_same_taxon note; no usage change,back:dark upperparts | belly:white underparts,,accept,,
pmp-policy-review-0378,inaturalist::371543431,,/Users/ryelandt/Documents/database/data/raw/inaturalist/palier1-be-birds-50taxa-run003-pmp-policy-broader-400-20260504/images/371543431.jpg,Cyanistes caeruleus,Eurasian Blue Tit,whole_organism,profile_valid,profile_valid,recommended:basic_identification|field_observation|confusion_learning|morphology_learning|species_card|borderline:,basic_identification:eligible | field_observation:eligible | confusion_learning:eligible | morphology_learning:eligible | species_card:eligible,basic_identification|confusion_learning|field_observation|morphology_learning|species_card,policy_accept,,,,,species_card_eligible,stable; no patch expected,head:blue crown | breast:yellow breast,,accept,,
pmp-policy-review-0386,inaturalist::382696152,,/Users/ryelandt/Documents/database/data/raw/inaturalist/palier1-be-birds-50taxa-run003-pmp-policy-broader-400-20260504/images/382696152.jpg,Apus apus,Common Swift,whole_organism,profile_valid,profile_valid,recommended:basic_identification|field_observation|confusion_learning|species_card|borderline:morphology_learning,basic_identification:eligible | field_observation:eligible | confusion_learning:eligible | morphology_learning:borderline | species_card:borderline,basic_identification|confusion_learning|field_observation,policy_accept,,,,,species_card_downgraded,stable; no patch expected; species_card was downgraded by v1.1,"wing:sickle-shaped wing profile | tail:short, forked tail","Subject is heavily silhouetted due to backlighting. | distant shot against bright sky, silhouetted",accept,,
pmp-policy-review-0394,inaturalist::396591721,,/Users/ryelandt/Documents/database/data/raw/inaturalist/palier1-be-birds-50taxa-run003-pmp-policy-broader-400-20260504/images/396591721.jpg,Egretta garzetta,Little Egret,whole_organism,profile_valid,profile_valid,recommended:basic_identification|field_observation|confusion_learning|species_card|borderline:morphology_learning,basic_identification:eligible | field_observation:eligible | confusion_learning:eligible | morphology_learning:borderline | species_card:borderline,basic_identification|confusion_learning|field_observation,policy_accept,,,,,species_card_downgraded,stable; no patch expected; species_card was downgraded by v1.1,whole_body:all white plumage | beak:slender dark bill,distant view limits detail on legs and bill | subject is distant,accept,,
pmp-policy-review-0395,inaturalist::398949252,,/Users/ryelandt/Documents/database/data/raw/inaturalist/palier1-be-birds-50taxa-run003-pmp-policy-broader-400-20260504/images/398949252.jpeg,Sylvia atricapilla,Eurasian Blackcap,dead_organism,profile_valid,profile_valid,recommended:field_observation|morphology_learning|indirect_evidence_learning|borderline:confusion_learning,basic_identification:not_recommended | field_observation:eligible | confusion_learning:borderline | morphology_learning:eligible | species_card:not_recommended | indirect_evidence_learning:eligible,field_observation|indirect_evidence_learning|morphology_learning,policy_accept,,,,,stable_accepted_control,stable; no patch expected,head:distinctive brown crown | back:plain brownish-grey back,subject is a deceased bird,accept,,
pmp-policy-review-0398,inaturalist::402891504,,/Users/ryelandt/Documents/database/data/raw/inaturalist/palier1-be-birds-50taxa-run003-pmp-policy-broader-400-20260504/images/402891504.png,Strix aluco,Tawny Owl,whole_organism,profile_valid,profile_valid,recommended:basic_identification|field_observation|confusion_learning|morphology_learning|species_card|borderline:,basic_identification:not_recommended | field_observation:not_recommended | confusion_learning:not_recommended | morphology_learning:not_recommended | species_card:not_recommended,,text_overlay_or_answer_visible,unknown,false,true,unknown,"species_card_downgraded, text_or_screenshot",if contains_ui_screenshot=true or contains_visible_answer_text=true: most uses→not_recommended; species_card was downgraded by v1.1,back:mottled brown plumage | head:round head shape,,too_permissive,,les screens avec nom de l'espèce en clair dne doivent pas rentrer dans le corpus
supp-100422597,inaturalist::100422597,,/Users/ryelandt/Documents/database/data/raw/inaturalist/palier1-be-birds-50taxa-run003-pmp-policy-broader-400-20260504/images/100422597.jpeg,,,whole_organism,,profile_valid,,basic_identification:eligible | field_observation:eligible | confusion_learning:eligible | morphology_learning:borderline | species_card:not_recommended,basic_identification|confusion_learning|field_observation,,,,,,stable_accepted_control,supplemental item; validate current policy behavior,head:long neck and pointed beak silhouette,significant blur due to photography through a window | image taken through glass window causing significant blurring and light refraction,accept,,
supp-100906257,inaturalist::100906257,,/Users/ryelandt/Documents/database/data/raw/inaturalist/palier1-be-birds-50taxa-run003-pmp-policy-broader-400-20260504/images/100906257.jpeg,,,whole_organism,,profile_valid,,basic_identification:eligible | field_observation:eligible | confusion_learning:eligible | morphology_learning:eligible | species_card:eligible,basic_identification|confusion_learning|field_observation|morphology_learning|species_card,,,,,,"species_card_eligible, stable_accepted_control",supplemental item; validate current policy behavior,head:white frontal shield | whole_body:all-black plumage,subject is obscured by foliage | subject partially obscured by branches,accept,,
supp-106017436,inaturalist::106017436,,/Users/ryelandt/Documents/database/data/raw/inaturalist/palier1-be-birds-50taxa-run003-pmp-policy-broader-400-20260504/images/106017436.jpeg,,,whole_organism,,profile_valid,,basic_identification:borderline | field_observation:eligible | confusion_learning:borderline | morphology_learning:borderline | species_card:not_recommended,field_observation,,,,,,field_observation_borderline,supplemental item; validate current policy behavior,whole_body:silhouette,subjects backlit resulting in strong silhouette effect | insufficient detail for precise identification | subjects are silhouettes against bright sky | distant view,accept,,
supp-108293198,inaturalist::108293198,,/Users/ryelandt/Documents/database/data/raw/inaturalist/palier1-be-birds-50taxa-run003-pmp-policy-broader-400-20260504/images/108293198.jpeg,,,whole_organism,,profile_valid,,basic_identification:eligible | field_observation:eligible | confusion_learning:eligible | morphology_learning:borderline | species_card:borderline,basic_identification|confusion_learning|field_observation,,,,,,stable_accepted_control,supplemental item; validate current policy behavior,back:distinctive black and white plumage,significant branch occlusion | heavy occlusion by branches | distant view,accept,,
supp-108408470,inaturalist::108408470,,/Users/ryelandt/Documents/database/data/raw/inaturalist/palier1-be-birds-50taxa-run003-pmp-policy-broader-400-20260504/images/108408470.jpg,,,whole_organism,,profile_valid,,basic_identification:eligible | field_observation:eligible | confusion_learning:eligible | morphology_learning:eligible | species_card:eligible,basic_identification|confusion_learning|field_observation|morphology_learning|species_card,,,,,,"species_card_eligible, stable_accepted_control",supplemental item; validate current policy behavior,beak:orange bill | legs:pink legs | back:grey-brown plumage pattern,,accept,,
supp-108990112,inaturalist::108990112,,/Users/ryelandt/Documents/database/data/raw/inaturalist/palier1-be-birds-50taxa-run003-pmp-policy-broader-400-20260504/images/108990112.jpeg,,,whole_organism,,profile_valid,,basic_identification:not_recommended | field_observation:eligible | confusion_learning:borderline | morphology_learning:borderline | species_card:not_recommended,field_observation,,,,,,field_observation_borderline,supplemental item; validate current policy behavior,head:eye shape and facial expression,"Subject is heavily obscured by dense, out-of-focus foreground branches. | Heavy occlusion by branches significantly hinders feature visibility.",accept,,
supp-109009676,inaturalist::109009676,,/Users/ryelandt/Documents/database/data/raw/inaturalist/palier1-be-birds-50taxa-run003-pmp-policy-broader-400-20260504/images/109009676.jpeg,,,whole_organism,,profile_valid,,basic_identification:eligible | field_observation:eligible | confusion_learning:eligible | morphology_learning:eligible | species_card:eligible,basic_identification|confusion_learning|field_observation|morphology_learning|species_card,,,,,,"species_card_eligible, stable_accepted_control",supplemental item; validate current policy behavior,whole_body:overall bulky shape and plumage | head:dark eye stripe/mask,subject partially occluded by branches | partially obscured by branches,accept,,
supp-109009770,inaturalist::109009770,,/Users/ryelandt/Documents/database/data/raw/inaturalist/palier1-be-birds-50taxa-run003-pmp-policy-broader-400-20260504/images/109009770.jpeg,,,whole_organism,,profile_valid,,basic_identification:eligible | field_observation:eligible | confusion_learning:eligible | morphology_learning:eligible | species_card:eligible,basic_identification|confusion_learning|field_observation|morphology_learning|species_card,,,,,,"species_card_eligible, stable_accepted_control",supplemental item; validate current policy behavior,breast:streaked breast pattern | whole_body:small raptor shape,,accept,,
supp-109106813,inaturalist::109106813,,/Users/ryelandt/Documents/database/data/raw/inaturalist/palier1-be-birds-50taxa-run003-pmp-policy-broader-400-20260504/images/109106813.jpg,,,whole_organism,,profile_valid,,basic_identification:eligible | field_observation:eligible | confusion_learning:eligible | morphology_learning:eligible | species_card:borderline,basic_identification|confusion_learning|field_observation|morphology_learning,,,,,,stable_accepted_control,supplemental item; validate current policy behavior,head:ear tufts | breast:streaked breast,subject is somewhat camouflaged and distant | subject is distant and partially obscured by branches,accept,,
supp-109294684,inaturalist::109294684,,/Users/ryelandt/Documents/database/data/raw/inaturalist/palier1-be-birds-50taxa-run003-pmp-policy-broader-400-20260504/images/109294684.jpeg,,,whole_organism,,profile_valid,,basic_identification:eligible | field_observation:eligible | confusion_learning:eligible | morphology_learning:eligible | species_card:eligible,basic_identification|confusion_learning|field_observation|morphology_learning|species_card,,,,,,"species_card_eligible, stable_accepted_control",supplemental item; validate current policy behavior,head:black head and throat | breast:yellow breast with central dark stripe | head:white cheek patch,low light levels reduce clarity,accept,,
supp-111024190,inaturalist::111024190,,/Users/ryelandt/Documents/database/data/raw/inaturalist/palier1-be-birds-50taxa-run003-pmp-policy-broader-400-20260504/images/111024190.jpg,,,whole_organism,,profile_valid,,basic_identification:eligible | field_observation:eligible | confusion_learning:eligible | morphology_learning:eligible | species_card:eligible,basic_identification|confusion_learning|field_observation|morphology_learning|species_card,,,,,,"species_card_eligible, stable_accepted_control",supplemental item; validate current policy behavior,wing:black and white wing pattern | head:red nape patch,,accept,,
supp-111276140,inaturalist::111276140,,/Users/ryelandt/Documents/database/data/raw/inaturalist/palier1-be-birds-50taxa-run003-pmp-policy-broader-400-20260504/images/111276140.jpeg,,,whole_organism,,profile_valid,,basic_identification:eligible | field_observation:eligible | confusion_learning:borderline | morphology_learning:eligible | species_card:borderline,basic_identification|field_observation|morphology_learning,,,,,,stable_accepted_control,supplemental item; validate current policy behavior,head:black head and white cheek | breast:yellow breast with black central stripe,bird is relatively small in the frame,accept,,
supp-111276179,inaturalist::111276179,,/Users/ryelandt/Documents/database/data/raw/inaturalist/palier1-be-birds-50taxa-run003-pmp-policy-broader-400-20260504/images/111276179.jpeg,,,whole_organism,,profile_valid,,basic_identification:eligible | field_observation:eligible | confusion_learning:eligible | morphology_learning:borderline | species_card:not_recommended,basic_identification|confusion_learning|field_observation,,,,,,stable_accepted_control,supplemental item; validate current policy behavior,belly:yellow underparts | head:dark head markings,subject is distant | limited detail for positive identification of fine features | bird is at a distance and appears very small in frame,accept,,
supp-112996356,inaturalist::112996356,,/Users/ryelandt/Documents/database/data/raw/inaturalist/palier1-be-birds-50taxa-run003-pmp-policy-broader-400-20260504/images/112996356.jpeg,,,whole_organism,,profile_valid,,basic_identification:eligible | field_observation:eligible | confusion_learning:eligible | morphology_learning:borderline | species_card:borderline,basic_identification|confusion_learning|field_observation,,,,,,stable_accepted_control,supplemental item; validate current policy behavior,back:yellowish-green dorsal coloration | wing:dark wing pattern,Partial view due to occlusion by vegetation | Subject partially obscured by tree branches | Limited view of diagnostic field marks,accept,,
supp-112996384,inaturalist::112996384,,/Users/ryelandt/Documents/database/data/raw/inaturalist/palier1-be-birds-50taxa-run003-pmp-policy-broader-400-20260504/images/112996384.jpeg,,,whole_organism,,profile_valid,,basic_identification:eligible | field_observation:eligible | confusion_learning:eligible | morphology_learning:eligible | species_card:borderline,basic_identification|confusion_learning|field_observation|morphology_learning,,,,,,stable_accepted_control,supplemental item; validate current policy behavior,wing:yellow wing flash,backlit subject obscures fine detail | silhouette and backlighting obscure field marks,accept,,
supp-112996394,inaturalist::112996394,,/Users/ryelandt/Documents/database/data/raw/inaturalist/palier1-be-birds-50taxa-run003-pmp-policy-broader-400-20260504/images/112996394.jpeg,,,whole_organism,,profile_valid,,basic_identification:eligible | field_observation:eligible | confusion_learning:eligible | morphology_learning:eligible | species_card:borderline,basic_identification|confusion_learning|field_observation|morphology_learning,,,,,,stable_accepted_control,supplemental item; validate current policy behavior,back:greenish coloration,Heavy branch occlusion obscures key diagnostic field marks | subject significantly occluded by branches,accept,,
supp-113197905,inaturalist::113197905,,/Users/ryelandt/Documents/database/data/raw/inaturalist/palier1-be-birds-50taxa-run003-pmp-policy-broader-400-20260504/images/113197905.jpg,,,whole_organism,,profile_valid,,basic_identification:eligible | field_observation:eligible | confusion_learning:eligible | morphology_learning:eligible | species_card:eligible,basic_identification|confusion_learning|field_observation|morphology_learning|species_card,,,,,,"species_card_eligible, stable_accepted_control",supplemental item; validate current policy behavior,beak:orange bill and feet | back:greyish-brown plumage with scalloped back feathers,,accept,,
supp-113273957,inaturalist::113273957,,/Users/ryelandt/Documents/database/data/raw/inaturalist/palier1-be-birds-50taxa-run003-pmp-policy-broader-400-20260504/images/113273957.jpeg,,,whole_organism,,profile_valid,,basic_identification:eligible | field_observation:eligible | confusion_learning:eligible | morphology_learning:eligible | species_card:eligible,basic_identification|confusion_learning|field_observation|morphology_learning|species_card,,,,,,"species_card_eligible, stable_accepted_control",supplemental item; validate current policy behavior,head:black head with white patch | back:dark plumage,,accept,,
supp-113276653,inaturalist::113276653,,/Users/ryelandt/Documents/database/data/raw/inaturalist/palier1-be-birds-50taxa-run003-pmp-policy-broader-400-20260504/images/113276653.jpeg,,,whole_organism,,profile_valid,,basic_identification:eligible | field_observation:eligible | confusion_learning:eligible | morphology_learning:eligible | species_card:eligible,basic_identification|confusion_learning|field_observation|morphology_learning|species_card,,,,,,"species_card_eligible, stable_accepted_control",supplemental item; validate current policy behavior,wing:yellow wing bars | beak:heavy bill,,,,
supp-14342212,inaturalist::14342212,,/Users/ryelandt/Documents/database/data/raw/inaturalist/palier1-be-birds-50taxa-run003-pmp-policy-broader-400-20260504/images/14342212.jpeg,,,habitat,,profile_valid,,basic_identification:not_recommended | field_observation:not_recommended | confusion_learning:not_recommended | morphology_learning:not_recommended | species_card:not_recommended | indirect_evidence_learning:borderline,,,,,,,habitat_generic,supplemental item; validate current policy behavior,habitat:urban landscape,subject absent from media | no bird present in image,accept,,"ne jamais utiliser car simplement un contexte avec aucun indice utilisable pour trouver l'espèce, ne devrait pas entrer dans le corpus/ne jamais etre utilisé"
